date,ten_year_yield,two_year_yield,yield_curve_spread,vix
2018-01-02,2.46,1.92,0.54,9.77
2018-01-03,2.44,1.94,0.5,9.15
2018-01-04,2.46,1.96,0.5,9.22
2018-01-05,2.47,1.96,0.51,9.22
2018-01-08,2.49,1.96,0.53,9.52
2018-01-09,2.55,1.98,0.57,10.08
2018-01-10,2.55,1.98,0.57,9.82
2018-01-11,2.54,1.98,0.56,9.88
2018-01-12,2.55,1.99,0.56,10.16
2018-01-16,2.54,2.03,0.51,11.66
2018-01-17,2.57,2.05,0.52,11.91
2018-01-18,2.62,2.05,0.57,12.22
2018-01-19,2.64,2.06,0.58,11.27
2018-01-22,2.66,2.08,0.58,11.03
2018-01-23,2.63,2.06,0.57,11.1
2018-01-24,2.65,2.08,0.57,11.47
2018-01-25,2.63,2.08,0.55,11.58
2018-01-26,2.66,2.13,0.53,11.08
2018-01-29,2.7,2.11,0.59,13.84
2018-01-30,2.73,2.13,0.6,14.79
2018-01-31,2.72,2.14,0.58,13.54
2018-02-01,2.78,2.16,0.62,13.47
2018-02-02,2.84,2.15,0.69,17.31
2018-02-05,2.77,2.08,0.69,37.32
2018-02-06,2.79,2.1,0.69,29.98
2018-02-07,2.84,2.15,0.69,27.73
2018-02-08,2.85,2.13,0.72,33.46
2018-02-09,2.83,2.05,0.78,29.06
2018-02-12,2.86,2.09,0.77,25.61
2018-02-13,2.83,2.1,0.73,24.97
2018-02-14,2.91,2.17,0.74,19.26
2018-02-15,2.9,2.19,0.71,19.13
2018-02-16,2.87,2.21,0.66,19.46
2018-02-20,2.88,2.25,0.63,20.6
2018-02-21,2.94,2.26,0.68,20.02
2018-02-22,2.92,2.25,0.67,18.72
2018-02-23,2.88,2.25,0.63,16.49
2018-02-26,2.86,2.22,0.64,15.8
2018-02-27,2.9,2.27,0.63,18.59
2018-02-28,2.87,2.25,0.62,19.85
2018-03-01,2.81,2.22,0.59,22.47
2018-03-02,2.86,2.25,0.61,19.59
2018-03-05,2.88,2.24,0.64,18.73
2018-03-06,2.88,2.25,0.63,18.36
2018-03-07,2.89,2.25,0.64,17.76
2018-03-08,2.86,2.25,0.61,16.54
2018-03-09,2.9,2.27,0.63,14.64
2018-03-12,2.87,2.27,0.6,15.78
2018-03-13,2.84,2.26,0.58,16.35
2018-03-14,2.81,2.26,0.55,17.23
2018-03-15,2.82,2.29,0.53,16.59
2018-03-16,2.85,2.31,0.54,15.8
2018-03-19,2.85,2.31,0.54,19.02
2018-03-20,2.89,2.34,0.55,18.2
2018-03-21,2.89,2.31,0.58,17.86
2018-03-22,2.83,2.29,0.54,23.34
2018-03-23,2.82,2.28,0.54,24.87
2018-03-26,2.85,2.33,0.52,21.03
2018-03-27,2.78,2.26,0.52,22.5
2018-03-28,2.77,2.28,0.49,22.87
2018-03-29,2.74,2.27,0.47,19.97
2018-04-02,2.73,2.25,0.48,23.62
2018-04-03,2.79,2.28,0.51,21.1
2018-04-04,2.79,2.28,0.51,20.06
2018-04-05,2.83,2.3,0.53,18.94
2018-04-06,2.77,2.27,0.5,21.49
2018-04-09,2.78,2.29,0.49,21.77
2018-04-10,2.8,2.32,0.48,20.47
2018-04-11,2.79,2.32,0.47,20.24
2018-04-12,2.83,2.34,0.49,18.49
2018-04-13,2.82,2.37,0.45,17.41
2018-04-16,2.83,2.39,0.44,16.56
2018-04-17,2.82,2.41,0.41,15.25
2018-04-18,2.87,2.42,0.45,15.6
2018-04-19,2.92,2.44,0.48,15.96
2018-04-20,2.96,2.46,0.5,16.88
2018-04-23,2.98,2.49,0.49,16.34
2018-04-24,3.0,2.48,0.52,18.02
2018-04-25,3.03,2.49,0.54,17.84
2018-04-26,3.0,2.49,0.51,16.24
2018-04-27,2.96,2.49,0.47,15.41
2018-04-30,2.95,2.49,0.46,15.93
2018-05-01,2.97,2.5,0.47,15.49
2018-05-02,2.97,2.49,0.48,15.97
2018-05-03,2.94,2.49,0.45,15.9
2018-05-04,2.95,2.51,0.44,14.77
2018-05-07,2.95,2.49,0.46,14.75
2018-05-08,2.97,2.51,0.46,14.71
2018-05-09,3.0,2.54,0.46,13.42
2018-05-10,2.97,2.54,0.43,13.23
2018-05-11,2.97,2.54,0.43,12.65
2018-05-14,3.0,2.55,0.45,12.93
2018-05-15,3.08,2.58,0.5,14.63
2018-05-16,3.09,2.58,0.51,13.42
2018-05-17,3.11,2.57,0.54,13.43
2018-05-18,3.06,2.55,0.51,13.42
2018-05-21,3.06,2.58,0.48,13.08
2018-05-22,3.06,2.59,0.47,13.22
2018-05-23,3.01,2.53,0.48,12.58
2018-05-24,2.98,2.5,0.48,12.53
2018-05-25,2.93,2.48,0.45,13.22
2018-05-29,2.77,2.32,0.45,17.02
2018-05-30,2.84,2.42,0.42,14.94
2018-05-31,2.83,2.4,0.43,15.43
2018-06-01,2.89,2.47,0.42,13.46
2018-06-04,2.94,2.52,0.42,12.74
2018-06-05,2.92,2.49,0.43,12.4
2018-06-06,2.97,2.52,0.45,11.64
2018-06-07,2.93,2.5,0.43,12.13
2018-06-08,2.93,2.5,0.43,12.18
2018-06-11,2.96,2.52,0.44,12.35
2018-06-12,2.96,2.54,0.42,12.34
2018-06-13,2.98,2.59,0.39,12.94
2018-06-14,2.94,2.59,0.35,12.12
2018-06-15,2.93,2.55,0.38,11.98
2018-06-18,2.92,2.56,0.36,12.31
2018-06-19,2.89,2.54,0.35,13.35
2018-06-20,2.93,2.56,0.37,12.79
2018-06-21,2.9,2.56,0.34,14.64
2018-06-22,2.9,2.56,0.34,13.77
2018-06-25,2.87,2.54,0.33,17.33
2018-06-26,2.88,2.53,0.35,15.92
2018-06-27,2.83,2.52,0.31,17.91
2018-06-28,2.84,2.52,0.32,16.85
2018-06-29,2.85,2.52,0.33,16.09
2018-07-02,2.87,2.57,0.3,15.6
2018-07-03,2.83,2.53,0.3,16.14
2018-07-05,2.84,2.55,0.29,14.97
2018-07-06,2.82,2.53,0.29,13.37
2018-07-09,2.86,2.57,0.29,12.69
2018-07-10,2.87,2.59,0.28,12.64
2018-07-11,2.85,2.58,0.27,13.63
2018-07-12,2.85,2.6,0.25,12.58
2018-07-13,2.83,2.59,0.24,12.18
2018-07-16,2.85,2.59,0.26,12.83
2018-07-17,2.86,2.62,0.24,12.06
2018-07-18,2.88,2.6,0.28,12.1
2018-07-19,2.84,2.6,0.24,12.87
2018-07-20,2.89,2.6,0.29,12.86
2018-07-23,2.96,2.64,0.32,12.62
2018-07-24,2.95,2.63,0.32,12.41
2018-07-25,2.94,2.66,0.28,12.29
2018-07-26,2.98,2.69,0.29,12.14
2018-07-27,2.96,2.67,0.29,13.03
2018-07-30,2.98,2.66,0.32,14.26
2018-07-31,2.96,2.67,0.29,12.83
2018-08-01,3.0,2.67,0.33,13.15
2018-08-02,2.98,2.66,0.32,12.19
2018-08-03,2.95,2.63,0.32,11.64
2018-08-06,2.94,2.64,0.3,11.27
2018-08-07,2.98,2.68,0.3,10.93
2018-08-08,2.96,2.68,0.28,10.85
2018-08-09,2.93,2.64,0.29,11.27
2018-08-10,2.87,2.61,0.26,13.16
2018-08-13,2.88,2.61,0.27,14.78
2018-08-14,2.89,2.63,0.26,13.31
2018-08-15,2.86,2.61,0.25,14.64
2018-08-16,2.87,2.63,0.24,13.45
2018-08-17,2.87,2.61,0.26,12.64
2018-08-20,2.82,2.6,0.22,12.49
2018-08-21,2.85,2.61,0.24,12.86
2018-08-22,2.82,2.6,0.22,12.25
2018-08-23,2.82,2.61,0.21,12.41
2018-08-24,2.82,2.63,0.19,11.99
2018-08-27,2.85,2.67,0.18,12.16
2018-08-28,2.88,2.67,0.21,12.5
2018-08-29,2.89,2.67,0.22,12.25
2018-08-30,2.86,2.64,0.22,13.53
2018-08-31,2.86,2.62,0.24,12.86
2018-09-04,2.9,2.66,0.24,13.16
2018-09-05,2.9,2.66,0.24,13.91
2018-09-06,2.88,2.64,0.24,14.65
2018-09-07,2.94,2.71,0.23,14.88
2018-09-10,2.94,2.73,0.21,14.16
2018-09-11,2.98,2.76,0.22,13.22
2018-09-12,2.97,2.74,0.23,13.14
2018-09-13,2.97,2.76,0.21,12.37
2018-09-14,2.99,2.78,0.21,12.07
2018-09-17,2.99,2.78,0.21,13.68
2018-09-18,3.05,2.81,0.24,12.79
2018-09-19,3.08,2.81,0.27,11.75
2018-09-20,3.07,2.81,0.26,11.8
2018-09-21,3.07,2.81,0.26,11.68
2018-09-24,3.08,2.83,0.25,12.2
2018-09-25,3.1,2.83,0.27,12.42
2018-09-26,3.06,2.83,0.23,12.89
2018-09-27,3.06,2.83,0.23,12.41
2018-09-28,3.05,2.81,0.24,12.12
2018-10-01,3.09,2.82,0.27,12.0
2018-10-02,3.05,2.82,0.23,12.05
2018-10-03,3.15,2.85,0.3,11.61
2018-10-04,3.19,2.87,0.32,14.22
2018-10-05,3.23,2.88,0.35,14.82
2018-10-08,3.23,2.88,0.35,15.69
2018-10-09,3.21,2.88,0.33,15.95
2018-10-10,3.22,2.88,0.34,22.96
2018-10-11,3.14,2.85,0.29,24.98
2018-10-12,3.15,2.85,0.3,21.31
2018-10-15,3.16,2.85,0.31,21.3
2018-10-16,3.16,2.87,0.29,17.62
2018-10-17,3.19,2.89,0.3,17.4
2018-10-18,3.17,2.87,0.3,20.06
2018-10-19,3.2,2.92,0.28,19.89
2018-10-22,3.2,2.92,0.28,19.64
2018-10-23,3.17,2.89,0.28,20.71
2018-10-24,3.1,2.84,0.26,25.23
2018-10-25,3.14,2.86,0.28,24.22
2018-10-26,3.08,2.81,0.27,24.16
2018-10-29,3.08,2.81,0.27,24.7
2018-10-30,3.12,2.84,0.28,23.35
2018-10-31,3.15,2.87,0.28,21.23
2018-11-01,3.14,2.84,0.3,19.34
2018-11-02,3.22,2.91,0.31,19.51
2018-11-05,3.2,2.91,0.29,19.96
2018-11-06,3.22,2.93,0.29,19.91
2018-11-07,3.22,2.96,0.26,16.36
2018-11-08,3.24,2.98,0.26,16.72
2018-11-09,3.19,2.94,0.25,17.36
2018-11-12,3.19,2.94,0.25,20.45
2018-11-13,3.14,2.89,0.25,20.02
2018-11-14,3.12,2.86,0.26,21.25
2018-11-15,3.11,2.86,0.25,19.98
2018-11-16,3.08,2.81,0.27,18.14
2018-11-19,3.06,2.79,0.27,20.1
2018-11-20,3.06,2.79,0.27,22.48
2018-11-21,3.06,2.81,0.25,20.8
2018-11-23,3.05,2.81,0.24,21.52
2018-11-26,3.07,2.84,0.23,18.9
2018-11-27,3.06,2.83,0.23,19.02
2018-11-28,3.06,2.81,0.25,18.49
2018-11-29,3.03,2.81,0.22,18.79
2018-11-30,3.01,2.8,0.21,18.07
2018-12-03,2.98,2.83,0.15,16.44
2018-12-04,2.91,2.8,0.11,20.74
2018-12-06,2.87,2.75,0.12,21.19
2018-12-07,2.85,2.72,0.13,23.23
2018-12-10,2.85,2.72,0.13,22.64
2018-12-11,2.89,2.78,0.11,21.76
2018-12-12,2.91,2.77,0.14,21.46
2018-12-13,2.91,2.75,0.16,20.65
2018-12-14,2.89,2.73,0.16,21.63
2018-12-17,2.86,2.7,0.16,24.52
2018-12-18,2.82,2.65,0.17,25.58
2018-12-19,2.77,2.63,0.14,25.58
2018-12-20,2.79,2.67,0.12,28.38
2018-12-21,2.79,2.63,0.16,30.11
2018-12-24,2.74,2.55,0.19,36.07
2018-12-26,2.81,2.61,0.2,30.41
2018-12-27,2.77,2.56,0.21,29.96
2018-12-28,2.72,2.52,0.2,28.34
2018-12-31,2.69,2.48,0.21,25.42
2019-01-02,2.66,2.5,0.16,23.22
2019-01-03,2.56,2.39,0.17,25.45
2019-01-04,2.67,2.5,0.17,21.38
2019-01-07,2.7,2.53,0.17,21.4
2019-01-08,2.73,2.58,0.15,20.47
2019-01-09,2.74,2.56,0.18,19.98
2019-01-10,2.74,2.56,0.18,19.5
2019-01-11,2.71,2.55,0.16,18.19
2019-01-14,2.71,2.53,0.18,19.07
2019-01-15,2.72,2.53,0.19,18.6
2019-01-16,2.73,2.55,0.18,19.04
2019-01-17,2.75,2.56,0.19,18.06
2019-01-18,2.79,2.62,0.17,17.8
2019-01-22,2.74,2.58,0.16,20.8
2019-01-23,2.76,2.58,0.18,19.52
2019-01-24,2.72,2.56,0.16,18.89
2019-01-25,2.76,2.6,0.16,17.42
2019-01-28,2.75,2.6,0.15,18.87
2019-01-29,2.72,2.56,0.16,19.13
2019-01-30,2.7,2.52,0.18,17.66
2019-01-31,2.63,2.45,0.18,16.57
2019-02-01,2.7,2.52,0.18,16.14
2019-02-04,2.73,2.53,0.2,15.73
2019-02-05,2.71,2.53,0.18,15.57
2019-02-06,2.7,2.52,0.18,15.38
2019-02-07,2.65,2.48,0.17,16.37
2019-02-08,2.63,2.45,0.18,15.72
2019-02-11,2.65,2.48,0.17,15.97
2019-02-12,2.68,2.5,0.18,15.43
2019-02-13,2.71,2.53,0.18,15.65
2019-02-14,2.66,2.5,0.16,16.22
2019-02-15,2.66,2.52,0.14,14.91
2019-02-19,2.65,2.5,0.15,14.88
2019-02-20,2.65,2.5,0.15,14.02
2019-02-21,2.69,2.53,0.16,14.46
2019-02-22,2.65,2.48,0.17,13.51
2019-02-25,2.67,2.51,0.16,14.85
2019-02-26,2.64,2.48,0.16,15.17
2019-02-27,2.69,2.5,0.19,14.7
2019-02-28,2.73,2.52,0.21,14.78
2019-03-01,2.76,2.55,0.21,13.57
2019-03-04,2.72,2.55,0.17,14.63
2019-03-05,2.72,2.55,0.17,14.74
2019-03-06,2.69,2.52,0.17,15.74
2019-03-07,2.64,2.47,0.17,16.59
2019-03-08,2.62,2.45,0.17,16.05
2019-03-11,2.64,2.47,0.17,14.33
2019-03-12,2.61,2.45,0.16,13.77
2019-03-13,2.61,2.45,0.16,13.41
2019-03-14,2.63,2.46,0.17,13.5
2019-03-15,2.59,2.43,0.16,12.88
2019-03-18,2.6,2.45,0.15,13.1
2019-03-19,2.61,2.46,0.15,13.56
2019-03-20,2.54,2.4,0.14,13.91
2019-03-21,2.54,2.41,0.13,13.63
2019-03-22,2.44,2.31,0.13,16.48
2019-03-25,2.43,2.26,0.17,16.33
2019-03-26,2.41,2.24,0.17,14.68
2019-03-27,2.39,2.22,0.17,15.15
2019-03-28,2.39,2.23,0.16,14.43
2019-03-29,2.41,2.27,0.14,13.71
2019-04-01,2.49,2.33,0.16,13.4
2019-04-02,2.48,2.3,0.18,13.36
2019-04-03,2.52,2.33,0.19,13.74
2019-04-04,2.51,2.33,0.18,13.58
2019-04-05,2.5,2.35,0.15,12.82
2019-04-08,2.52,2.36,0.16,13.18
2019-04-09,2.51,2.35,0.16,14.28
2019-04-10,2.48,2.31,0.17,13.3
2019-04-11,2.51,2.35,0.16,13.02
2019-04-12,2.56,2.4,0.16,12.01
2019-04-15,2.55,2.4,0.15,12.32
2019-04-16,2.6,2.41,0.19,12.18
2019-04-17,2.59,2.4,0.19,12.6
2019-04-18,2.57,2.38,0.19,12.09
2019-04-22,2.59,2.38,0.21,12.42
2019-04-23,2.57,2.36,0.21,12.28
2019-04-24,2.53,2.32,0.21,13.14
2019-04-25,2.54,2.33,0.21,13.25
2019-04-26,2.51,2.28,0.23,12.73
2019-04-29,2.54,2.3,0.24,13.11
2019-04-30,2.51,2.27,0.24,13.12
2019-05-01,2.52,2.31,0.21,14.8
2019-05-02,2.55,2.35,0.2,14.42
2019-05-03,2.54,2.33,0.21,12.87
2019-05-06,2.51,2.31,0.2,15.44
2019-05-07,2.45,2.28,0.17,19.32
2019-05-08,2.49,2.3,0.19,19.4
2019-05-09,2.45,2.26,0.19,19.1
2019-05-10,2.47,2.26,0.21,16.04
2019-05-13,2.4,2.18,0.22,20.55
2019-05-14,2.42,2.2,0.22,18.06
2019-05-15,2.37,2.16,0.21,16.44
2019-05-16,2.4,2.2,0.2,15.29
2019-05-17,2.39,2.2,0.19,15.96
2019-05-20,2.41,2.21,0.2,16.31
2019-05-21,2.43,2.26,0.17,14.95
2019-05-22,2.39,2.23,0.16,14.75
2019-05-23,2.31,2.12,0.19,16.92
2019-05-24,2.32,2.16,0.16,15.85
2019-05-28,2.26,2.12,0.14,17.5
2019-05-29,2.25,2.09,0.16,17.9
2019-05-30,2.22,2.06,0.16,17.3
2019-05-31,2.14,1.95,0.19,18.71
2019-06-03,2.07,1.82,0.25,18.86
2019-06-04,2.12,1.88,0.24,16.97
2019-06-05,2.12,1.83,0.29,16.09
2019-06-06,2.12,1.88,0.24,15.93
2019-06-07,2.09,1.85,0.24,16.3
2019-06-10,2.15,1.9,0.25,15.94
2019-06-11,2.15,1.93,0.22,15.99
2019-06-12,2.13,1.88,0.25,15.91
2019-06-13,2.1,1.83,0.27,15.82
2019-06-14,2.09,1.84,0.25,15.28
2019-06-17,2.09,1.86,0.23,15.35
2019-06-18,2.06,1.86,0.2,15.15
2019-06-19,2.03,1.74,0.29,14.33
2019-06-20,2.01,1.72,0.29,14.75
2019-06-21,2.07,1.77,0.3,15.4
2019-06-24,2.02,1.72,0.3,15.26
2019-06-25,2.0,1.71,0.29,16.28
2019-06-26,2.05,1.77,0.28,16.21
2019-06-27,2.01,1.74,0.27,15.82
2019-06-28,2.0,1.75,0.25,15.08
2019-07-01,2.03,1.78,0.25,14.06
2019-07-02,1.98,1.77,0.21,12.93
2019-07-03,1.96,1.77,0.19,12.57
2019-07-05,2.04,1.87,0.17,13.28
2019-07-08,2.05,1.88,0.17,13.96
2019-07-09,2.07,1.92,0.15,14.09
2019-07-10,2.07,1.82,0.25,13.03
2019-07-11,2.13,1.85,0.28,12.93
2019-07-12,2.12,1.84,0.28,12.39
2019-07-15,2.09,1.83,0.26,12.68
2019-07-16,2.13,1.87,0.26,12.86
2019-07-17,2.06,1.83,0.23,13.97
2019-07-18,2.04,1.77,0.27,13.53
2019-07-19,2.05,1.8,0.25,14.45
2019-07-22,2.05,1.8,0.25,13.53
2019-07-23,2.08,1.83,0.25,12.61
2019-07-24,2.05,1.83,0.22,12.07
2019-07-25,2.08,1.86,0.22,12.74
2019-07-26,2.08,1.86,0.22,12.16
2019-07-29,2.06,1.85,0.21,12.83
2019-07-30,2.06,1.85,0.21,13.94
2019-07-31,2.02,1.89,0.13,16.12
2019-08-01,1.9,1.73,0.17,17.87
2019-08-02,1.86,1.72,0.14,17.61
2019-08-05,1.75,1.59,0.16,24.59
2019-08-06,1.73,1.6,0.13,20.17
2019-08-07,1.71,1.59,0.12,19.49
2019-08-08,1.72,1.62,0.1,16.91
2019-08-09,1.74,1.63,0.11,17.97
2019-08-12,1.65,1.58,0.07,21.09
2019-08-13,1.68,1.66,0.02,17.52
2019-08-14,1.59,1.58,0.01,22.1
2019-08-15,1.52,1.48,0.04,21.18
2019-08-16,1.55,1.48,0.07,18.47
2019-08-19,1.6,1.53,0.07,16.88
2019-08-20,1.55,1.5,0.05,17.5
2019-08-21,1.59,1.56,0.03,15.8
2019-08-22,1.62,1.61,0.01,16.68
2019-08-23,1.52,1.51,0.01,19.87
2019-08-26,1.54,1.54,0.0,19.32
2019-08-27,1.49,1.53,-0.04,20.31
2019-08-28,1.47,1.5,-0.03,19.35
2019-08-29,1.5,1.53,-0.03,17.88
2019-08-30,1.5,1.5,0.0,18.98
2019-09-03,1.47,1.47,0.0,19.66
2019-09-04,1.47,1.43,0.04,17.33
2019-09-05,1.57,1.55,0.02,16.27
2019-09-06,1.55,1.53,0.02,15.0
2019-09-09,1.63,1.58,0.05,15.27
2019-09-10,1.72,1.67,0.05,15.2
2019-09-11,1.75,1.68,0.07,14.61
2019-09-12,1.79,1.72,0.07,14.22
2019-09-13,1.9,1.79,0.11,13.74
2019-09-16,1.84,1.74,0.1,14.67
2019-09-17,1.81,1.72,0.09,14.44
2019-09-18,1.8,1.77,0.03,13.95
2019-09-19,1.79,1.74,0.05,14.05
2019-09-20,1.74,1.69,0.05,15.32
2019-09-23,1.72,1.68,0.04,14.91
2019-09-24,1.64,1.6,0.04,17.05
2019-09-25,1.73,1.68,0.05,15.96
2019-09-26,1.7,1.66,0.04,16.07
2019-09-27,1.69,1.63,0.06,17.22
2019-09-30,1.68,1.63,0.05,16.24
2019-10-01,1.65,1.56,0.09,18.56
2019-10-02,1.6,1.48,0.12,20.56
2019-10-03,1.54,1.39,0.15,19.12
2019-10-04,1.52,1.4,0.12,17.04
2019-10-07,1.56,1.46,0.1,17.86
2019-10-08,1.54,1.42,0.12,20.28
2019-10-09,1.59,1.47,0.12,18.64
2019-10-10,1.67,1.53,0.14,17.57
2019-10-11,1.76,1.63,0.13,15.58
2019-10-14,1.76,1.63,0.13,14.57
2019-10-15,1.77,1.61,0.16,13.54
2019-10-16,1.75,1.58,0.17,13.68
2019-10-17,1.76,1.6,0.16,13.79
2019-10-18,1.76,1.58,0.18,14.25
2019-10-21,1.8,1.62,0.18,14.0
2019-10-22,1.78,1.6,0.18,14.46
2019-10-23,1.77,1.58,0.19,14.01
2019-10-24,1.77,1.58,0.19,13.71
2019-10-25,1.8,1.63,0.17,12.65
2019-10-28,1.85,1.64,0.21,13.11
2019-10-29,1.84,1.64,0.2,13.2
2019-10-30,1.78,1.61,0.17,12.33
2019-10-31,1.69,1.52,0.17,13.22
2019-11-01,1.73,1.56,0.17,12.3
2019-11-04,1.79,1.6,0.19,12.83
2019-11-05,1.86,1.63,0.23,13.1
2019-11-06,1.81,1.61,0.2,12.62
2019-11-07,1.92,1.68,0.24,12.73
2019-11-08,1.94,1.68,0.26,12.07
2019-11-11,1.94,1.68,0.26,12.69
2019-11-12,1.92,1.66,0.26,12.68
2019-11-13,1.88,1.63,0.25,13.0
2019-11-14,1.82,1.58,0.24,13.05
2019-11-15,1.84,1.61,0.23,12.05
2019-11-18,1.81,1.6,0.21,12.46
2019-11-19,1.79,1.6,0.19,12.86
2019-11-20,1.73,1.56,0.17,12.78
2019-11-21,1.77,1.6,0.17,13.13
2019-11-22,1.77,1.61,0.16,12.34
2019-11-25,1.76,1.61,0.15,11.87
2019-11-26,1.74,1.58,0.16,11.54
2019-11-27,1.77,1.63,0.14,11.75
2019-11-29,1.78,1.61,0.17,12.62
2019-12-02,1.83,1.61,0.22,14.91
2019-12-03,1.72,1.53,0.19,15.96
2019-12-04,1.77,1.58,0.19,14.8
2019-12-05,1.8,1.58,0.22,14.52
2019-12-06,1.84,1.61,0.23,13.62
2019-12-09,1.83,1.63,0.2,15.86
2019-12-10,1.85,1.65,0.2,15.68
2019-12-11,1.79,1.61,0.18,14.99
2019-12-12,1.9,1.66,0.24,13.94
2019-12-13,1.82,1.61,0.21,12.63
2019-12-16,1.89,1.65,0.24,12.14
2019-12-17,1.89,1.63,0.26,12.29
2019-12-18,1.92,1.63,0.29,12.58
2019-12-19,1.92,1.62,0.3,12.5
2019-12-20,1.92,1.63,0.29,12.51
2019-12-23,1.93,1.64,0.29,12.61
2019-12-24,1.9,1.62,0.28,12.67
2019-12-26,1.9,1.64,0.26,12.65
2019-12-27,1.88,1.59,0.29,13.43
2019-12-30,1.9,1.58,0.32,14.82
2019-12-31,1.92,1.58,0.34,13.78
2020-01-02,1.88,1.58,0.3,12.47
2020-01-03,1.8,1.53,0.27,14.02
2020-01-06,1.81,1.54,0.27,13.85
2020-01-07,1.83,1.54,0.29,13.79
2020-01-08,1.87,1.58,0.29,13.45
2020-01-09,1.85,1.58,0.27,12.54
2020-01-10,1.83,1.56,0.27,12.56
2020-01-13,1.85,1.58,0.27,12.32
2020-01-14,1.82,1.58,0.24,12.39
2020-01-15,1.79,1.56,0.23,12.42
2020-01-16,1.81,1.58,0.23,12.32
2020-01-17,1.84,1.58,0.26,12.1
2020-01-21,1.78,1.53,0.25,12.85
2020-01-22,1.77,1.53,0.24,12.91
2020-01-23,1.74,1.51,0.23,12.98
2020-01-24,1.7,1.49,0.21,14.56
2020-01-27,1.61,1.44,0.17,18.23
2020-01-28,1.65,1.45,0.2,16.28
2020-01-29,1.6,1.42,0.18,16.39
2020-01-30,1.57,1.41,0.16,15.49
2020-01-31,1.51,1.33,0.18,18.84
2020-02-03,1.54,1.36,0.18,17.97
2020-02-04,1.61,1.41,0.2,16.05
2020-02-05,1.66,1.44,0.22,15.15
2020-02-06,1.65,1.44,0.21,14.96
2020-02-07,1.59,1.41,0.18,15.47
2020-02-10,1.56,1.37,0.19,15.04
2020-02-11,1.59,1.41,0.18,15.18
2020-02-12,1.62,1.44,0.18,13.74
2020-02-13,1.61,1.44,0.17,14.15
2020-02-14,1.59,1.42,0.17,13.68
2020-02-18,1.55,1.41,0.14,14.83
2020-02-19,1.56,1.42,0.14,14.38
2020-02-20,1.52,1.39,0.13,15.56
2020-02-21,1.46,1.34,0.12,17.08
2020-02-24,1.38,1.26,0.12,25.03
2020-02-25,1.33,1.2,0.13,27.85
2020-02-26,1.33,1.16,0.17,27.56
2020-02-27,1.3,1.11,0.19,39.16
2020-02-28,1.13,0.86,0.27,40.11
2020-03-02,1.1,0.84,0.26,33.42
2020-03-03,1.02,0.71,0.31,36.82
2020-03-04,1.02,0.67,0.35,31.99
2020-03-05,0.92,0.59,0.33,39.62
2020-03-06,0.74,0.49,0.25,41.94
2020-03-09,0.54,0.38,0.16,54.46
2020-03-10,0.76,0.5,0.26,47.3
2020-03-11,0.82,0.5,0.32,53.9
2020-03-12,0.88,0.5,0.38,75.47
2020-03-13,0.94,0.49,0.45,57.83
2020-03-16,0.73,0.36,0.37,82.69
2020-03-17,1.02,0.47,0.55,75.91
2020-03-18,1.18,0.54,0.64,76.45
2020-03-19,1.12,0.44,0.68,72.0
2020-03-20,0.92,0.37,0.55,66.04
2020-03-23,0.76,0.28,0.48,61.59
2020-03-24,0.84,0.38,0.46,61.67
2020-03-25,0.88,0.34,0.54,63.95
2020-03-26,0.83,0.3,0.53,61.0
2020-03-27,0.72,0.25,0.47,65.54
2020-03-30,0.7,0.23,0.47,57.08
2020-03-31,0.7,0.23,0.47,53.54
2020-04-01,0.62,0.23,0.39,57.06
2020-04-02,0.63,0.23,0.4,50.91
2020-04-03,0.62,0.23,0.39,46.8
2020-04-06,0.67,0.27,0.4,45.24
2020-04-07,0.75,0.28,0.47,46.7
2020-04-08,0.77,0.27,0.5,43.35
2020-04-09,0.73,0.23,0.5,41.67
2020-04-13,0.76,0.25,0.51,41.17
2020-04-14,0.76,0.23,0.53,37.76
2020-04-15,0.63,0.2,0.43,40.84
2020-04-16,0.61,0.2,0.41,40.11
2020-04-17,0.65,0.2,0.45,38.15
2020-04-20,0.63,0.2,0.43,43.83
2020-04-21,0.58,0.2,0.38,45.41
2020-04-22,0.63,0.22,0.41,41.98
2020-04-23,0.61,0.22,0.39,41.38
2020-04-24,0.6,0.22,0.38,35.93
2020-04-27,0.67,0.24,0.43,33.29
2020-04-28,0.62,0.2,0.42,33.57
2020-04-29,0.63,0.2,0.43,31.23
2020-04-30,0.64,0.2,0.44,34.15
2020-05-01,0.64,0.2,0.44,37.19
2020-05-04,0.64,0.19,0.45,35.97
2020-05-05,0.66,0.19,0.47,33.61
2020-05-06,0.72,0.17,0.55,34.12
2020-05-07,0.63,0.13,0.5,31.44
2020-05-08,0.69,0.16,0.53,27.98
2020-05-11,0.73,0.17,0.56,27.57
2020-05-12,0.69,0.17,0.52,33.04
2020-05-13,0.64,0.16,0.48,35.28
2020-05-14,0.63,0.16,0.47,32.61
2020-05-15,0.64,0.16,0.48,31.89
2020-05-18,0.73,0.18,0.55,29.3
2020-05-19,0.7,0.17,0.53,30.53
2020-05-20,0.68,0.16,0.52,27.99
2020-05-21,0.68,0.17,0.51,29.53
2020-05-22,0.66,0.17,0.49,28.16
2020-05-26,0.69,0.18,0.51,28.01
2020-05-27,0.68,0.19,0.49,27.62
2020-05-28,0.7,0.17,0.53,28.59
2020-05-29,0.65,0.16,0.49,27.51
2020-06-01,0.66,0.14,0.52,28.23
2020-06-02,0.68,0.17,0.51,26.84
2020-06-03,0.77,0.19,0.58,25.66
2020-06-04,0.82,0.19,0.63,25.81
2020-06-05,0.91,0.22,0.69,24.52
2020-06-08,0.88,0.22,0.66,25.81
2020-06-09,0.84,0.2,0.64,27.57
2020-06-10,0.75,0.17,0.58,27.57
2020-06-11,0.66,0.19,0.47,40.79
2020-06-12,0.71,0.19,0.52,36.09
2020-06-15,0.71,0.19,0.52,34.4
2020-06-16,0.75,0.21,0.54,33.67
2020-06-17,0.74,0.19,0.55,33.47
2020-06-18,0.71,0.19,0.52,32.94
2020-06-19,0.7,0.19,0.51,35.12
2020-06-22,0.71,0.19,0.52,31.77
2020-06-23,0.72,0.18,0.54,31.37
2020-06-24,0.69,0.19,0.5,33.84
2020-06-25,0.68,0.17,0.51,32.22
2020-06-26,0.64,0.17,0.47,34.73
2020-06-29,0.64,0.16,0.48,31.78
2020-06-30,0.66,0.16,0.5,30.43
2020-07-01,0.69,0.17,0.52,28.62
2020-07-02,0.68,0.16,0.52,27.68
2020-07-06,0.69,0.16,0.53,27.94
2020-07-07,0.65,0.16,0.49,29.43
2020-07-08,0.67,0.16,0.51,28.08
2020-07-09,0.62,0.16,0.46,29.26
2020-07-10,0.65,0.16,0.49,27.29
2020-07-13,0.64,0.16,0.48,32.19
2020-07-14,0.63,0.14,0.49,29.52
2020-07-15,0.64,0.16,0.48,27.76
2020-07-16,0.62,0.16,0.46,28.0
2020-07-17,0.64,0.14,0.5,25.68
2020-07-20,0.62,0.16,0.46,24.46
2020-07-21,0.61,0.14,0.47,24.84
2020-07-22,0.6,0.14,0.46,24.32
2020-07-23,0.59,0.16,0.43,26.08
2020-07-24,0.59,0.14,0.45,25.84
2020-07-27,0.62,0.15,0.47,24.74
2020-07-28,0.59,0.14,0.45,25.44
2020-07-29,0.58,0.12,0.46,24.1
2020-07-30,0.55,0.11,0.44,24.76
2020-07-31,0.55,0.11,0.44,24.46
2020-08-03,0.56,0.11,0.45,24.28
2020-08-04,0.52,0.11,0.41,23.76
2020-08-05,0.55,0.11,0.44,22.99
2020-08-06,0.55,0.11,0.44,22.65
2020-08-07,0.57,0.13,0.44,22.21
2020-08-10,0.59,0.14,0.45,22.13
2020-08-11,0.64,0.16,0.48,24.03
2020-08-12,0.69,0.16,0.53,22.28
2020-08-13,0.71,0.16,0.55,22.13
2020-08-14,0.71,0.14,0.57,22.05
2020-08-17,0.69,0.14,0.55,21.35
2020-08-18,0.67,0.14,0.53,21.51
2020-08-19,0.68,0.14,0.54,22.54
2020-08-20,0.65,0.13,0.52,22.72
2020-08-21,0.64,0.16,0.48,22.54
2020-08-24,0.65,0.14,0.51,22.37
2020-08-25,0.69,0.15,0.54,22.03
2020-08-26,0.69,0.16,0.53,23.27
2020-08-27,0.74,0.16,0.58,24.47
2020-08-28,0.74,0.14,0.6,22.96
2020-08-31,0.72,0.14,0.58,26.41
2020-09-01,0.68,0.13,0.55,26.12
2020-09-02,0.66,0.14,0.52,26.57
2020-09-03,0.63,0.13,0.5,33.6
2020-09-04,0.72,0.14,0.58,30.75
2020-09-08,0.69,0.14,0.55,31.46
2020-09-09,0.71,0.14,0.57,28.81
2020-09-10,0.68,0.14,0.54,29.71
2020-09-11,0.67,0.13,0.54,26.87
2020-09-14,0.68,0.14,0.54,25.85
2020-09-15,0.68,0.14,0.54,25.59
2020-09-16,0.69,0.14,0.55,26.04
2020-09-17,0.69,0.13,0.56,26.46
2020-09-18,0.7,0.14,0.56,25.83
2020-09-21,0.68,0.14,0.54,27.78
2020-09-22,0.68,0.13,0.55,26.86
2020-09-23,0.68,0.14,0.54,28.58
2020-09-24,0.67,0.14,0.53,28.51
2020-09-25,0.66,0.12,0.54,26.38
2020-09-28,0.67,0.14,0.53,26.19
2020-09-29,0.66,0.11,0.55,26.27
2020-09-30,0.69,0.13,0.56,26.37
2020-10-01,0.68,0.14,0.54,26.7
2020-10-02,0.7,0.13,0.57,27.63
2020-10-05,0.78,0.14,0.64,27.96
2020-10-06,0.76,0.14,0.62,29.48
2020-10-07,0.81,0.16,0.65,28.06
2020-10-08,0.78,0.13,0.65,26.36
2020-10-09,0.79,0.16,0.63,25.0
2020-10-12,0.79,0.16,0.63,25.07
2020-10-13,0.74,0.16,0.58,26.07
2020-10-14,0.73,0.14,0.59,26.4
2020-10-15,0.74,0.14,0.6,26.97
2020-10-16,0.76,0.14,0.62,27.41
2020-10-19,0.78,0.16,0.62,29.18
2020-10-20,0.81,0.14,0.67,29.35
2020-10-21,0.83,0.14,0.69,28.65
2020-10-22,0.87,0.16,0.71,28.11
2020-10-23,0.85,0.18,0.67,27.55
2020-10-26,0.81,0.16,0.65,32.46
2020-10-27,0.79,0.16,0.63,33.35
2020-10-28,0.79,0.16,0.63,40.28
2020-10-29,0.85,0.16,0.69,37.59
2020-10-30,0.88,0.14,0.74,38.02
2020-11-02,0.87,0.16,0.71,37.13
2020-11-03,0.9,0.17,0.73,35.55
2020-11-04,0.78,0.14,0.64,29.57
2020-11-05,0.79,0.14,0.65,27.58
2020-11-06,0.83,0.16,0.67,24.86
2020-11-09,0.96,0.17,0.79,25.75
2020-11-10,0.98,0.19,0.79,24.8
2020-11-11,0.98,0.19,0.79,23.45
2020-11-12,0.88,0.17,0.71,25.35
2020-11-13,0.89,0.17,0.72,23.1
2020-11-16,0.91,0.19,0.72,22.45
2020-11-17,0.87,0.18,0.69,22.71
2020-11-18,0.88,0.16,0.72,23.84
2020-11-19,0.86,0.18,0.68,23.11
2020-11-20,0.83,0.16,0.67,23.7
2020-11-23,0.86,0.16,0.7,22.66
2020-11-24,0.88,0.16,0.72,21.64
2020-11-25,0.88,0.17,0.71,21.25
2020-11-27,0.84,0.16,0.68,20.84
2020-11-30,0.84,0.16,0.68,20.57
2020-12-01,0.92,0.17,0.75,20.77
2020-12-02,0.95,0.16,0.79,21.17
2020-12-03,0.92,0.16,0.76,21.28
2020-12-04,0.97,0.16,0.81,20.79
2020-12-07,0.94,0.14,0.8,21.3
2020-12-08,0.92,0.14,0.78,20.68
2020-12-09,0.95,0.16,0.79,22.27
2020-12-10,0.92,0.14,0.78,22.52
2020-12-11,0.9,0.11,0.79,23.31
2020-12-14,0.9,0.13,0.77,24.72
2020-12-15,0.92,0.11,0.81,22.89
2020-12-16,0.92,0.13,0.79,22.5
2020-12-17,0.94,0.13,0.81,21.93
2020-12-18,0.95,0.13,0.82,21.57
2020-12-21,0.95,0.13,0.82,25.16
2020-12-22,0.93,0.13,0.8,24.23
2020-12-23,0.96,0.13,0.83,23.31
2020-12-24,0.94,0.13,0.81,21.53
2020-12-28,0.94,0.13,0.81,21.7
2020-12-29,0.94,0.12,0.82,23.08
2020-12-30,0.93,0.12,0.81,22.77
2020-12-31,0.93,0.13,0.8,22.75
2021-01-04,0.93,0.11,0.82,26.97
2021-01-05,0.96,0.13,0.83,25.34
2021-01-06,1.04,0.14,0.9,25.07
2021-01-07,1.08,0.14,0.94,22.37
2021-01-08,1.13,0.14,0.99,21.56
2021-01-11,1.15,0.14,1.01,24.08
2021-01-12,1.15,0.14,1.01,23.33
2021-01-13,1.1,0.14,0.96,22.21
2021-01-14,1.15,0.16,0.99,23.25
2021-01-15,1.11,0.13,0.98,24.34
2021-01-19,1.1,0.14,0.96,23.24
2021-01-20,1.1,0.13,0.97,21.58
2021-01-21,1.12,0.13,0.99,21.32
2021-01-22,1.1,0.13,0.97,21.91
2021-01-25,1.05,0.13,0.92,23.19
2021-01-26,1.05,0.11,0.94,23.02
2021-01-27,1.04,0.12,0.92,37.21
2021-01-28,1.07,0.12,0.95,30.21
2021-01-29,1.11,0.11,1.0,33.09
2021-02-01,1.09,0.11,0.98,30.24
2021-02-02,1.12,0.11,1.01,25.56
2021-02-03,1.15,0.11,1.04,22.91
2021-02-04,1.15,0.11,1.04,21.77
2021-02-05,1.19,0.09,1.1,20.87
2021-02-08,1.19,0.11,1.08,21.24
2021-02-09,1.18,0.11,1.07,21.63
2021-02-10,1.15,0.11,1.04,21.99
2021-02-11,1.16,0.11,1.05,21.25
2021-02-12,1.2,0.11,1.09,19.97
2021-02-16,1.3,0.13,1.17,21.46
2021-02-17,1.29,0.11,1.18,21.5
2021-02-18,1.29,0.11,1.18,22.49
2021-02-19,1.34,0.11,1.23,22.05
2021-02-22,1.37,0.11,1.26,23.45
2021-02-23,1.37,0.11,1.26,23.11
2021-02-24,1.38,0.12,1.26,21.34
2021-02-25,1.54,0.17,1.37,28.89
2021-02-26,1.44,0.14,1.3,27.95
2021-03-01,1.45,0.13,1.32,23.35
2021-03-02,1.42,0.13,1.29,24.1
2021-03-03,1.47,0.14,1.33,26.67
2021-03-04,1.54,0.14,1.4,28.57
2021-03-05,1.56,0.14,1.42,24.66
2021-03-08,1.59,0.17,1.42,25.47
2021-03-09,1.55,0.17,1.38,24.03
2021-03-10,1.53,0.16,1.37,22.56
2021-03-11,1.54,0.14,1.4,21.91
2021-03-12,1.64,0.14,1.5,20.69
2021-03-15,1.62,0.14,1.48,20.03
2021-03-16,1.62,0.15,1.47,19.79
2021-03-17,1.63,0.13,1.5,19.23
2021-03-18,1.71,0.16,1.55,21.58
2021-03-19,1.74,0.16,1.58,20.95
2021-03-22,1.69,0.15,1.54,18.88
2021-03-23,1.63,0.15,1.48,20.3
2021-03-24,1.62,0.14,1.48,21.2
2021-03-25,1.63,0.14,1.49,19.81
2021-03-26,1.67,0.14,1.53,18.86
2021-03-29,1.73,0.14,1.59,20.74
2021-03-30,1.73,0.16,1.57,19.61
2021-03-31,1.74,0.16,1.58,19.4
2021-04-01,1.69,0.17,1.52,17.33
2021-04-02,1.72,0.19,1.53,17.33
2021-04-05,1.73,0.17,1.56,17.91
2021-04-06,1.67,0.16,1.51,18.12
2021-04-07,1.68,0.16,1.52,17.16
2021-04-08,1.64,0.14,1.5,16.95
2021-04-09,1.67,0.16,1.51,16.69
2021-04-12,1.69,0.18,1.51,16.91
2021-04-13,1.64,0.16,1.48,16.65
2021-04-14,1.64,0.16,1.48,16.99
2021-04-15,1.56,0.16,1.4,16.57
2021-04-16,1.59,0.16,1.43,16.25
2021-04-19,1.61,0.16,1.45,17.29
2021-04-20,1.58,0.15,1.43,18.68
2021-04-21,1.57,0.15,1.42,17.5
2021-04-22,1.57,0.16,1.41,18.71
2021-04-23,1.58,0.16,1.42,17.33
2021-04-26,1.58,0.18,1.4,17.64
2021-04-27,1.63,0.17,1.46,17.56
2021-04-28,1.63,0.17,1.46,17.28
2021-04-29,1.65,0.16,1.49,17.61
2021-04-30,1.65,0.16,1.49,18.61
2021-05-03,1.63,0.16,1.47,18.31
2021-05-04,1.61,0.16,1.45,19.48
2021-05-05,1.59,0.16,1.43,19.15
2021-05-06,1.58,0.16,1.42,18.39
2021-05-07,1.6,0.14,1.46,16.69
2021-05-10,1.63,0.16,1.47,19.66
2021-05-11,1.64,0.16,1.48,21.84
2021-05-12,1.69,0.16,1.53,27.59
2021-05-13,1.66,0.16,1.5,23.13
2021-05-14,1.63,0.16,1.47,18.81
2021-05-17,1.64,0.16,1.48,19.72
2021-05-18,1.64,0.16,1.48,21.34
2021-05-19,1.68,0.16,1.52,22.18
2021-05-20,1.63,0.15,1.48,20.67
2021-05-21,1.63,0.17,1.46,20.15
2021-05-24,1.61,0.15,1.46,18.4
2021-05-25,1.56,0.15,1.41,18.84
2021-05-26,1.58,0.14,1.44,17.36
2021-05-27,1.61,0.14,1.47,16.74
2021-05-28,1.58,0.14,1.44,16.76
2021-06-01,1.62,0.16,1.46,17.9
2021-06-02,1.59,0.13,1.46,17.48
2021-06-03,1.63,0.16,1.47,18.04
2021-06-04,1.56,0.14,1.42,16.42
2021-06-07,1.57,0.16,1.41,16.42
2021-06-08,1.53,0.14,1.39,17.07
2021-06-09,1.5,0.16,1.34,17.89
2021-06-10,1.45,0.14,1.31,16.1
2021-06-11,1.47,0.16,1.31,15.65
2021-06-14,1.51,0.16,1.35,16.39
2021-06-15,1.51,0.16,1.35,17.02
2021-06-16,1.57,0.21,1.36,18.15
2021-06-17,1.52,0.23,1.29,17.75
2021-06-18,1.45,0.26,1.19,20.7
2021-06-21,1.5,0.27,1.23,17.89
2021-06-22,1.48,0.25,1.23,16.66
2021-06-23,1.5,0.26,1.24,16.32
2021-06-24,1.49,0.26,1.23,15.97
2021-06-25,1.54,0.28,1.26,15.62
2021-06-28,1.49,0.25,1.24,15.76
2021-06-29,1.49,0.27,1.22,16.02
2021-06-30,1.45,0.25,1.2,15.83
2021-07-01,1.48,0.25,1.23,15.48
2021-07-02,1.44,0.24,1.2,15.07
2021-07-06,1.37,0.22,1.15,16.44
2021-07-07,1.33,0.22,1.11,16.2
2021-07-08,1.3,0.19,1.11,19.0
2021-07-09,1.37,0.23,1.14,16.18
2021-07-12,1.38,0.23,1.15,16.17
2021-07-13,1.42,0.26,1.16,17.12
2021-07-14,1.37,0.23,1.14,16.33
2021-07-15,1.31,0.23,1.08,17.01
2021-07-16,1.31,0.25,1.06,18.45
2021-07-19,1.19,0.21,0.98,22.5
2021-07-20,1.23,0.2,1.03,19.73
2021-07-21,1.3,0.22,1.08,17.91
2021-07-22,1.27,0.2,1.07,17.69
2021-07-23,1.3,0.22,1.08,17.2
2021-07-26,1.29,0.22,1.07,17.58
2021-07-27,1.25,0.2,1.05,19.36
2021-07-28,1.26,0.2,1.06,18.31
2021-07-29,1.28,0.2,1.08,17.7
2021-07-30,1.24,0.19,1.05,18.24
2021-08-02,1.2,0.17,1.03,19.46
2021-08-03,1.19,0.17,1.02,18.04
2021-08-04,1.19,0.17,1.02,17.97
2021-08-05,1.23,0.21,1.02,17.28
2021-08-06,1.31,0.21,1.1,16.15
2021-08-09,1.33,0.23,1.1,16.72
2021-08-10,1.36,0.24,1.12,16.79
2021-08-11,1.35,0.23,1.12,16.06
2021-08-12,1.36,0.23,1.13,15.59
2021-08-13,1.29,0.23,1.06,15.45
2021-08-16,1.26,0.21,1.05,16.12
2021-08-17,1.26,0.23,1.03,17.91
2021-08-18,1.27,0.23,1.04,21.57
2021-08-19,1.24,0.22,1.02,21.67
2021-08-20,1.26,0.23,1.03,18.56
2021-08-23,1.25,0.23,1.02,17.15
2021-08-24,1.29,0.24,1.05,17.22
2021-08-25,1.35,0.23,1.12,16.79
2021-08-26,1.34,0.25,1.09,18.84
2021-08-27,1.31,0.22,1.09,16.39
2021-08-30,1.29,0.2,1.09,16.19
2021-08-31,1.3,0.2,1.1,16.48
2021-09-01,1.31,0.2,1.11,16.11
2021-09-02,1.29,0.2,1.09,16.41
2021-09-03,1.33,0.21,1.12,16.41
2021-09-07,1.38,0.22,1.16,18.14
2021-09-08,1.35,0.22,1.13,17.96
2021-09-09,1.3,0.23,1.07,18.8
2021-09-10,1.35,0.23,1.12,20.95
2021-09-13,1.33,0.21,1.12,19.37
2021-09-14,1.28,0.21,1.07,19.46
2021-09-15,1.31,0.21,1.1,18.18
2021-09-16,1.34,0.23,1.11,18.69
2021-09-17,1.37,0.23,1.14,20.81
2021-09-20,1.31,0.23,1.08,25.71
2021-09-21,1.33,0.22,1.11,24.36
2021-09-22,1.32,0.25,1.07,20.87
2021-09-23,1.41,0.27,1.14,18.63
2021-09-24,1.47,0.29,1.18,17.75
2021-09-27,1.48,0.31,1.17,18.76
2021-09-28,1.54,0.31,1.23,23.25
2021-09-29,1.55,0.3,1.25,22.56
2021-09-30,1.52,0.28,1.24,23.14
2021-10-01,1.48,0.27,1.21,21.15
2021-10-04,1.49,0.27,1.22,22.96
2021-10-05,1.54,0.28,1.26,21.3
2021-10-06,1.53,0.3,1.23,21.0
2021-10-07,1.58,0.32,1.26,19.54
2021-10-08,1.61,0.32,1.29,18.77
2021-10-11,1.61,0.32,1.29,20.0
2021-10-12,1.59,0.35,1.24,19.85
2021-10-13,1.56,0.37,1.19,18.64
2021-10-14,1.52,0.36,1.16,16.86
2021-10-15,1.59,0.41,1.18,16.3
2021-10-18,1.59,0.44,1.15,16.31
2021-10-19,1.65,0.41,1.24,15.7
2021-10-20,1.65,0.4,1.25,15.49
2021-10-21,1.68,0.45,1.23,15.01
2021-10-22,1.66,0.48,1.18,15.43
2021-10-25,1.64,0.47,1.17,15.24
2021-10-26,1.63,0.47,1.16,15.98
2021-10-27,1.54,0.5,1.04,16.98
2021-10-28,1.57,0.5,1.07,16.53
2021-10-29,1.55,0.48,1.07,16.26
2021-11-01,1.58,0.5,1.08,16.41
2021-11-02,1.56,0.46,1.1,16.03
2021-11-03,1.6,0.47,1.13,15.1
2021-11-04,1.53,0.41,1.12,15.44
2021-11-05,1.45,0.39,1.06,16.48
2021-11-08,1.51,0.45,1.06,17.22
2021-11-09,1.46,0.41,1.05,17.78
2021-11-10,1.56,0.51,1.05,18.73
2021-11-11,1.56,0.51,1.05,17.66
2021-11-12,1.58,0.53,1.05,16.29
2021-11-15,1.63,0.53,1.1,16.49
2021-11-16,1.63,0.54,1.09,16.37
2021-11-17,1.6,0.52,1.08,17.11
2021-11-18,1.59,0.52,1.07,17.59
2021-11-19,1.54,0.52,1.02,17.91
2021-11-22,1.63,0.63,1.0,19.17
2021-11-23,1.67,0.6,1.07,19.38
2021-11-24,1.64,0.64,1.0,18.58
2021-11-26,1.48,0.5,0.98,28.62
2021-11-29,1.52,0.51,1.01,22.96
2021-11-30,1.43,0.52,0.91,27.19
2021-12-01,1.43,0.56,0.87,31.12
2021-12-02,1.44,0.63,0.81,27.95
2021-12-03,1.35,0.6,0.75,30.67
2021-12-06,1.43,0.65,0.78,27.18
2021-12-07,1.48,0.7,0.78,21.89
2021-12-08,1.52,0.68,0.84,19.9
2021-12-09,1.49,0.7,0.79,21.58
2021-12-10,1.48,0.67,0.81,18.69
2021-12-13,1.42,0.66,0.76,20.31
2021-12-14,1.44,0.67,0.77,21.89
2021-12-15,1.47,0.69,0.78,19.29
2021-12-16,1.44,0.64,0.8,20.57
2021-12-17,1.41,0.66,0.75,21.57
2021-12-20,1.43,0.65,0.78,22.87
2021-12-21,1.48,0.7,0.78,21.01
2021-12-22,1.46,0.68,0.78,18.63
2021-12-23,1.5,0.71,0.79,17.96
2021-12-27,1.48,0.76,0.72,17.68
2021-12-28,1.49,0.74,0.75,17.54
2021-12-29,1.55,0.75,0.8,16.95
2021-12-30,1.52,0.73,0.79,17.33
2021-12-31,1.52,0.73,0.79,17.22
2022-01-03,1.63,0.78,0.85,16.6
2022-01-04,1.66,0.77,0.89,16.91
2022-01-05,1.71,0.83,0.88,19.73
2022-01-06,1.73,0.88,0.85,19.61
2022-01-07,1.76,0.87,0.89,18.76
2022-01-10,1.78,0.92,0.86,19.4
2022-01-11,1.75,0.9,0.85,18.41
2022-01-12,1.74,0.92,0.82,17.62
2022-01-13,1.7,0.91,0.79,20.31
2022-01-14,1.78,0.99,0.79,19.19
2022-01-18,1.87,1.06,0.81,22.79
2022-01-19,1.83,1.04,0.79,23.85
2022-01-20,1.83,1.08,0.75,25.59
2022-01-21,1.75,1.01,0.74,28.85
2022-01-24,1.75,0.99,0.76,29.9
2022-01-25,1.78,1.02,0.76,31.16
2022-01-26,1.85,1.13,0.72,31.96
2022-01-27,1.81,1.18,0.63,30.49
2022-01-28,1.78,1.15,0.63,27.66
2022-01-31,1.79,1.18,0.61,24.83
2022-02-01,1.81,1.18,0.63,21.96
2022-02-02,1.78,1.16,0.62,22.09
2022-02-03,1.82,1.19,0.63,24.35
2022-02-04,1.93,1.31,0.62,23.22
2022-02-07,1.92,1.3,0.62,22.86
2022-02-08,1.96,1.35,0.61,21.44
2022-02-09,1.94,1.36,0.58,19.96
2022-02-10,2.03,1.61,0.42,23.91
2022-02-11,1.92,1.5,0.42,27.36
2022-02-14,1.98,1.58,0.4,28.33
2022-02-15,2.05,1.58,0.47,25.7
2022-02-16,2.03,1.52,0.51,24.29
2022-02-17,1.97,1.49,0.48,28.11
2022-02-18,1.92,1.47,0.45,27.75
2022-02-22,1.94,1.56,0.38,28.81
2022-02-23,1.99,1.58,0.41,31.02
2022-02-24,1.96,1.54,0.42,30.32
2022-02-25,1.97,1.55,0.42,27.59
2022-02-28,1.83,1.44,0.39,30.15
2022-03-01,1.72,1.31,0.41,33.32
2022-03-02,1.86,1.5,0.36,30.74
2022-03-03,1.86,1.53,0.33,30.48
2022-03-04,1.74,1.5,0.24,31.98
2022-03-07,1.78,1.55,0.23,36.45
2022-03-08,1.86,1.63,0.23,35.13
2022-03-09,1.94,1.68,0.26,32.45
2022-03-10,1.98,1.72,0.26,30.23
2022-03-11,2.0,1.75,0.25,30.75
2022-03-14,2.14,1.87,0.27,31.77
2022-03-15,2.15,1.85,0.3,29.83
2022-03-16,2.19,1.95,0.24,26.67
2022-03-17,2.2,1.94,0.26,25.67
2022-03-18,2.14,1.97,0.17,23.87
2022-03-21,2.32,2.14,0.18,23.53
2022-03-22,2.38,2.18,0.2,22.94
2022-03-23,2.32,2.13,0.19,23.57
2022-03-24,2.34,2.13,0.21,21.67
2022-03-25,2.48,2.3,0.18,20.81
2022-03-28,2.46,2.35,0.11,19.63
2022-03-29,2.41,2.35,0.06,18.9
2022-03-30,2.35,2.31,0.04,19.33
2022-03-31,2.32,2.28,0.04,20.56
2022-04-01,2.39,2.44,-0.05,19.63
2022-04-04,2.42,2.43,-0.01,18.57
2022-04-05,2.54,2.51,0.03,21.03
2022-04-06,2.61,2.5,0.11,22.1
2022-04-07,2.66,2.47,0.19,21.55
2022-04-08,2.72,2.53,0.19,21.16
2022-04-11,2.79,2.5,0.29,24.37
2022-04-12,2.72,2.39,0.33,24.26
2022-04-13,2.7,2.37,0.33,21.82
2022-04-14,2.83,2.47,0.36,22.7
2022-04-18,2.85,2.46,0.39,22.17
2022-04-19,2.93,2.61,0.32,21.37
2022-04-20,2.85,2.6,0.25,20.32
2022-04-21,2.9,2.68,0.22,22.68
2022-04-22,2.9,2.72,0.18,28.21
2022-04-25,2.81,2.63,0.18,27.02
2022-04-26,2.77,2.54,0.23,33.52
2022-04-27,2.82,2.58,0.24,31.6
2022-04-28,2.85,2.63,0.22,29.99
2022-04-29,2.89,2.7,0.19,33.4
2022-05-02,2.99,2.73,0.26,32.34
2022-05-03,2.97,2.78,0.19,29.25
2022-05-04,2.93,2.66,0.27,25.42
2022-05-05,3.05,2.71,0.34,31.2
2022-05-06,3.12,2.72,0.4,30.19
2022-05-09,3.05,2.61,0.44,34.75
2022-05-10,2.99,2.62,0.37,32.99
2022-05-11,2.91,2.66,0.25,32.56
2022-05-12,2.84,2.56,0.28,31.77
2022-05-13,2.93,2.61,0.32,28.87
2022-05-16,2.88,2.58,0.3,27.47
2022-05-17,2.98,2.71,0.27,26.1
2022-05-18,2.89,2.68,0.21,30.96
2022-05-19,2.84,2.63,0.21,29.35
2022-05-20,2.78,2.6,0.18,29.43
2022-05-23,2.86,2.65,0.21,28.48
2022-05-24,2.76,2.5,0.26,29.45
2022-05-25,2.75,2.48,0.27,28.37
2022-05-26,2.75,2.46,0.29,27.5
2022-05-27,2.74,2.47,0.27,25.72
2022-05-30,2.74,2.47,0.27,26.54
2022-05-31,2.85,2.53,0.32,26.19
2022-06-01,2.94,2.66,0.28,25.69
2022-06-02,2.92,2.65,0.27,24.72
2022-06-03,2.96,2.66,0.3,24.79
2022-06-06,3.04,2.73,0.31,25.07
2022-06-07,2.98,2.75,0.23,24.02
2022-06-08,3.03,2.78,0.25,23.96
2022-06-09,3.04,2.83,0.21,26.09
2022-06-10,3.15,3.06,0.09,27.75
2022-06-13,3.43,3.4,0.03,34.02
2022-06-14,3.49,3.45,0.04,32.69
2022-06-15,3.33,3.2,0.13,29.62
2022-06-16,3.28,3.14,0.14,32.95
2022-06-17,3.25,3.17,0.08,31.13
2022-06-20,3.25,3.17,0.08,31.03
2022-06-21,3.31,3.21,0.1,30.19
2022-06-22,3.16,3.06,0.1,28.95
2022-06-23,3.09,3.01,0.08,29.05
2022-06-24,3.13,3.04,0.09,27.23
2022-06-27,3.2,3.08,0.12,26.95
2022-06-28,3.2,3.1,0.1,28.36
2022-06-29,3.1,3.06,0.04,28.16
2022-06-30,2.98,2.92,0.06,28.71
2022-07-01,2.88,2.84,0.04,26.7
2022-07-04,2.88,2.84,0.04,27.53
2022-07-05,2.82,2.82,0.0,27.54
2022-07-06,2.93,2.97,-0.04,26.73
2022-07-07,3.01,3.03,-0.02,26.08
2022-07-08,3.09,3.12,-0.03,24.64
2022-07-11,2.99,3.07,-0.08,26.17
2022-07-12,2.96,3.03,-0.07,27.29
2022-07-13,2.91,3.13,-0.22,26.82
2022-07-14,2.96,3.15,-0.19,26.4
2022-07-15,2.93,3.13,-0.2,24.23
2022-07-18,2.96,3.15,-0.19,25.3
2022-07-19,3.01,3.23,-0.22,24.5
2022-07-20,3.04,3.25,-0.21,23.88
2022-07-21,2.91,3.1,-0.19,23.11
2022-07-22,2.77,2.98,-0.21,23.03
2022-07-25,2.81,3.0,-0.19,23.36
2022-07-26,2.81,3.02,-0.21,24.69
2022-07-27,2.78,2.96,-0.18,23.24
2022-07-28,2.68,2.85,-0.17,22.33
2022-07-29,2.67,2.89,-0.22,21.33
2022-08-01,2.6,2.9,-0.3,22.84
2022-08-02,2.75,3.06,-0.31,23.93
2022-08-03,2.73,3.1,-0.37,21.95
2022-08-04,2.68,3.03,-0.35,21.44
2022-08-05,2.83,3.24,-0.41,21.15
2022-08-08,2.77,3.21,-0.44,21.29
2022-08-09,2.8,3.28,-0.48,21.77
2022-08-10,2.78,3.23,-0.45,19.74
2022-08-11,2.87,3.23,-0.36,20.2
2022-08-12,2.84,3.25,-0.41,19.53
2022-08-15,2.79,3.2,-0.41,19.95
2022-08-16,2.82,3.25,-0.43,19.69
2022-08-17,2.89,3.28,-0.39,19.9
2022-08-18,2.88,3.22,-0.34,19.56
2022-08-19,2.98,3.25,-0.27,20.6
2022-08-22,3.03,3.32,-0.29,23.8
2022-08-23,3.05,3.29,-0.24,24.11
2022-08-24,3.11,3.36,-0.25,22.82
2022-08-25,3.03,3.35,-0.32,21.78
2022-08-26,3.04,3.37,-0.33,25.56
2022-08-29,3.12,3.42,-0.3,26.21
2022-08-30,3.11,3.46,-0.35,26.21
2022-08-31,3.15,3.45,-0.3,25.87
2022-09-01,3.26,3.51,-0.25,25.56
2022-09-02,3.2,3.4,-0.2,25.47
2022-09-05,3.2,3.4,-0.2,25.99
2022-09-06,3.33,3.5,-0.17,26.91
2022-09-07,3.27,3.45,-0.18,24.64
2022-09-08,3.29,3.48,-0.19,23.61
2022-09-09,3.33,3.56,-0.23,22.79
2022-09-12,3.37,3.58,-0.21,23.87
2022-09-13,3.42,3.75,-0.33,27.27
2022-09-14,3.41,3.78,-0.37,26.16
2022-09-15,3.45,3.87,-0.42,26.27
2022-09-16,3.45,3.85,-0.4,26.3
2022-09-19,3.49,3.95,-0.46,25.76
2022-09-20,3.57,3.96,-0.39,27.16
2022-09-21,3.51,4.02,-0.51,27.99
2022-09-22,3.7,4.11,-0.41,27.35
2022-09-23,3.69,4.2,-0.51,29.92
2022-09-26,3.88,4.27,-0.39,32.26
2022-09-27,3.97,4.3,-0.33,32.6
2022-09-28,3.72,4.07,-0.35,30.18
2022-09-29,3.76,4.16,-0.4,31.84
2022-09-30,3.83,4.22,-0.39,31.62
2022-10-03,3.67,4.12,-0.45,30.1
2022-10-04,3.62,4.1,-0.48,29.07
2022-10-05,3.76,4.15,-0.39,28.55
2022-10-06,3.83,4.23,-0.4,30.52
2022-10-07,3.89,4.3,-0.41,31.36
2022-10-10,3.89,4.3,-0.41,32.45
2022-10-11,3.93,4.3,-0.37,33.63
2022-10-12,3.91,4.28,-0.37,33.57
2022-10-13,3.97,4.47,-0.5,31.94
2022-10-14,4.0,4.48,-0.48,32.02
2022-10-17,4.02,4.45,-0.43,31.37
2022-10-18,4.01,4.43,-0.42,30.5
2022-10-19,4.14,4.55,-0.41,30.76
2022-10-20,4.24,4.62,-0.38,29.98
2022-10-21,4.21,4.49,-0.28,29.69
2022-10-24,4.25,4.5,-0.25,29.85
2022-10-25,4.1,4.42,-0.32,28.46
2022-10-26,4.04,4.39,-0.35,27.28
2022-10-27,3.96,4.3,-0.34,27.39
2022-10-28,4.02,4.41,-0.39,25.75
2022-10-31,4.1,4.51,-0.41,25.88
2022-11-01,4.07,4.54,-0.47,25.81
2022-11-02,4.1,4.61,-0.51,25.86
2022-11-03,4.14,4.71,-0.57,25.3
2022-11-04,4.17,4.66,-0.49,24.55
2022-11-07,4.22,4.72,-0.5,24.35
2022-11-08,4.14,4.67,-0.53,25.54
2022-11-09,4.12,4.61,-0.49,26.09
2022-11-10,3.82,4.34,-0.52,23.53
2022-11-11,3.82,4.34,-0.52,22.52
2022-11-14,3.88,4.4,-0.52,23.73
2022-11-15,3.8,4.37,-0.57,24.54
2022-11-16,3.67,4.35,-0.68,24.11
2022-11-17,3.77,4.43,-0.66,23.93
2022-11-18,3.82,4.51,-0.69,23.12
2022-11-21,3.83,4.48,-0.65,22.36
2022-11-22,3.76,4.47,-0.71,21.29
2022-11-23,3.71,4.46,-0.75,20.35
2022-11-24,3.71,4.46,-0.75,20.42
2022-11-25,3.68,4.42,-0.74,20.5
2022-11-28,3.69,4.46,-0.77,22.21
2022-11-29,3.75,4.48,-0.73,21.89
2022-11-30,3.68,4.38,-0.7,20.58
2022-12-01,3.53,4.25,-0.72,19.84
2022-12-02,3.51,4.28,-0.77,19.06
2022-12-05,3.6,4.41,-0.81,20.75
2022-12-06,3.51,4.34,-0.83,22.17
2022-12-07,3.42,4.26,-0.84,22.68
2022-12-08,3.48,4.31,-0.83,22.29
2022-12-09,3.57,4.33,-0.76,22.83
2022-12-12,3.61,4.39,-0.78,25.0
2022-12-13,3.51,4.22,-0.71,22.55
2022-12-14,3.49,4.23,-0.74,21.14
2022-12-15,3.44,4.23,-0.79,22.83
2022-12-16,3.48,4.17,-0.69,22.62
2022-12-19,3.57,4.25,-0.68,22.42
2022-12-20,3.69,4.25,-0.56,21.48
2022-12-21,3.68,4.21,-0.53,20.07
2022-12-22,3.67,4.24,-0.57,21.97
2022-12-23,3.75,4.31,-0.56,20.87
2022-12-27,3.84,4.32,-0.48,21.65
2022-12-28,3.88,4.31,-0.43,22.14
2022-12-29,3.83,4.34,-0.51,21.44
2022-12-30,3.88,4.41,-0.53,21.67
2023-01-03,3.79,4.4,-0.61,22.9
2023-01-04,3.69,4.36,-0.67,22.01
2023-01-05,3.71,4.45,-0.74,22.46
2023-01-06,3.55,4.24,-0.69,21.13
2023-01-09,3.53,4.19,-0.66,21.97
2023-01-10,3.61,4.24,-0.63,20.58
2023-01-11,3.54,4.2,-0.66,21.09
2023-01-12,3.43,4.12,-0.69,18.83
2023-01-13,3.49,4.22,-0.73,18.35
2023-01-16,3.49,4.22,-0.73,19.49
2023-01-17,3.53,4.18,-0.65,19.36
2023-01-18,3.37,4.06,-0.69,20.34
2023-01-19,3.39,4.09,-0.7,20.52
2023-01-20,3.48,4.14,-0.66,19.85
2023-01-23,3.52,4.21,-0.69,19.81
2023-01-24,3.46,4.12,-0.66,19.2
2023-01-25,3.46,4.11,-0.65,19.08
2023-01-26,3.49,4.17,-0.68,18.73
2023-01-27,3.52,4.19,-0.67,18.51
2023-01-30,3.55,4.25,-0.7,19.94
2023-01-31,3.52,4.21,-0.69,19.4
2023-02-01,3.39,4.09,-0.7,17.87
2023-02-02,3.4,4.09,-0.69,18.73
2023-02-03,3.53,4.3,-0.77,18.33
2023-02-06,3.63,4.44,-0.81,19.43
2023-02-07,3.67,4.47,-0.8,18.66
2023-02-08,3.63,4.45,-0.82,19.63
2023-02-09,3.67,4.48,-0.81,20.71
2023-02-10,3.74,4.5,-0.76,20.53
2023-02-13,3.72,4.52,-0.8,20.34
2023-02-14,3.77,4.6,-0.83,18.91
2023-02-15,3.81,4.62,-0.81,18.23
2023-02-16,3.86,4.62,-0.76,20.17
2023-02-17,3.82,4.6,-0.78,20.02
2023-02-20,3.82,4.6,-0.78,21.23
2023-02-21,3.95,4.67,-0.72,22.87
2023-02-22,3.93,4.66,-0.73,22.29
2023-02-23,3.88,4.66,-0.78,21.14
2023-02-24,3.95,4.78,-0.83,21.67
2023-02-27,3.92,4.78,-0.86,20.95
2023-02-28,3.92,4.81,-0.89,20.7
2023-03-01,4.01,4.89,-0.88,20.58
2023-03-02,4.08,4.89,-0.81,19.59
2023-03-03,3.97,4.86,-0.89,18.49
2023-03-06,3.98,4.89,-0.91,18.61
2023-03-07,3.97,5.0,-1.03,19.59
2023-03-08,3.98,5.05,-1.07,19.11
2023-03-09,3.93,4.9,-0.97,22.61
2023-03-10,3.7,4.6,-0.9,24.8
2023-03-13,3.55,4.03,-0.48,26.52
2023-03-14,3.64,4.2,-0.56,23.73
2023-03-15,3.51,3.93,-0.42,26.14
2023-03-16,3.56,4.14,-0.58,22.99
2023-03-17,3.39,3.81,-0.42,25.51
2023-03-20,3.47,3.92,-0.45,24.15
2023-03-21,3.59,4.17,-0.58,21.38
2023-03-22,3.48,3.96,-0.48,22.26
2023-03-23,3.38,3.76,-0.38,22.61
2023-03-24,3.38,3.76,-0.38,21.74
2023-03-27,3.53,3.94,-0.41,20.6
2023-03-28,3.55,4.02,-0.47,19.97
2023-03-29,3.57,4.08,-0.51,19.12
2023-03-30,3.55,4.1,-0.55,19.02
2023-03-31,3.48,4.06,-0.58,18.7
2023-04-03,3.43,3.97,-0.54,18.55
2023-04-04,3.35,3.84,-0.49,19.0
2023-04-05,3.3,3.79,-0.49,19.08
2023-04-06,3.3,3.82,-0.52,18.4
2023-04-07,3.39,3.97,-0.58,18.4
2023-04-10,3.41,4.0,-0.59,18.97
2023-04-11,3.43,4.03,-0.6,19.1
2023-04-12,3.41,3.95,-0.54,19.09
2023-04-13,3.45,3.96,-0.51,17.8
2023-04-14,3.52,4.08,-0.56,17.07
2023-04-17,3.6,4.18,-0.58,16.95
2023-04-18,3.58,4.19,-0.61,16.83
2023-04-19,3.6,4.24,-0.64,16.46
2023-04-20,3.54,4.14,-0.6,17.17
2023-04-21,3.57,4.17,-0.6,16.77
2023-04-24,3.52,4.12,-0.6,16.89
2023-04-25,3.4,3.86,-0.46,18.76
2023-04-26,3.43,3.9,-0.47,18.84
2023-04-27,3.53,4.07,-0.54,17.03
2023-04-28,3.44,4.04,-0.6,15.78
2023-05-01,3.59,4.14,-0.55,16.08
2023-05-02,3.44,3.97,-0.53,17.78
2023-05-03,3.38,3.89,-0.51,18.34
2023-05-04,3.37,3.75,-0.38,20.09
2023-05-05,3.44,3.92,-0.48,17.19
2023-05-08,3.52,4.0,-0.48,16.98
2023-05-09,3.53,4.01,-0.48,17.71
2023-05-10,3.43,3.9,-0.47,16.94
2023-05-11,3.39,3.89,-0.5,16.93
2023-05-12,3.46,3.98,-0.52,17.03
2023-05-15,3.5,3.99,-0.49,17.12
2023-05-16,3.54,4.06,-0.52,17.99
2023-05-17,3.57,4.12,-0.55,16.87
2023-05-18,3.65,4.24,-0.59,16.05
2023-05-19,3.7,4.28,-0.58,16.81
2023-05-22,3.72,4.29,-0.57,17.21
2023-05-23,3.7,4.26,-0.56,18.53
2023-05-24,3.73,4.31,-0.58,20.03
2023-05-25,3.83,4.5,-0.67,19.14
2023-05-26,3.8,4.54,-0.74,17.95
2023-05-29,3.8,4.54,-0.74,17.46
2023-05-30,3.69,4.46,-0.77,17.46
2023-05-31,3.64,4.4,-0.76,17.94
2023-06-01,3.61,4.33,-0.72,15.65
2023-06-02,3.69,4.5,-0.81,14.6
2023-06-05,3.69,4.46,-0.77,14.73
2023-06-06,3.7,4.51,-0.81,13.96
2023-06-07,3.79,4.56,-0.77,13.94
2023-06-08,3.73,4.52,-0.79,13.65
2023-06-09,3.75,4.59,-0.84,13.83
2023-06-12,3.73,4.55,-0.82,15.01
2023-06-13,3.84,4.67,-0.83,14.61
2023-06-14,3.83,4.74,-0.91,13.88
2023-06-15,3.72,4.62,-0.9,14.5
2023-06-16,3.77,4.7,-0.93,13.54
2023-06-19,3.77,4.7,-0.93,14.19
2023-06-20,3.74,4.68,-0.94,13.88
2023-06-21,3.72,4.68,-0.96,13.2
2023-06-22,3.8,4.77,-0.97,12.91
2023-06-23,3.74,4.71,-0.97,13.44
2023-06-26,3.72,4.65,-0.93,14.25
2023-06-27,3.77,4.74,-0.97,13.74
2023-06-28,3.71,4.71,-1.0,13.43
2023-06-29,3.85,4.87,-1.02,13.54
2023-06-30,3.81,4.87,-1.06,13.59
2023-07-03,3.86,4.94,-1.08,13.57
2023-07-04,3.86,4.94,-1.08,13.7
2023-07-05,3.95,4.94,-0.99,14.18
2023-07-06,4.05,4.99,-0.94,15.44
2023-07-07,4.06,4.94,-0.88,14.83
2023-07-10,4.01,4.85,-0.84,15.07
2023-07-11,3.99,4.88,-0.89,14.84
2023-07-12,3.86,4.72,-0.86,13.54
2023-07-13,3.76,4.59,-0.83,13.61
2023-07-14,3.83,4.74,-0.91,13.34
2023-07-17,3.81,4.74,-0.93,13.48
2023-07-18,3.8,4.74,-0.94,13.3
2023-07-19,3.75,4.74,-0.99,13.76
2023-07-20,3.85,4.8,-0.95,13.99
2023-07-21,3.84,4.82,-0.98,13.6
2023-07-24,3.86,4.81,-0.95,13.91
2023-07-25,3.91,4.85,-0.94,13.86
2023-07-26,3.86,4.82,-0.96,13.19
2023-07-27,4.01,4.91,-0.9,14.41
2023-07-28,3.96,4.87,-0.91,13.33
2023-07-31,3.97,4.88,-0.91,13.63
2023-08-01,4.05,4.92,-0.87,13.93
2023-08-02,4.08,4.88,-0.8,16.09
2023-08-03,4.2,4.9,-0.7,15.92
2023-08-04,4.05,4.78,-0.73,17.1
2023-08-07,4.09,4.76,-0.67,15.77
2023-08-08,4.02,4.74,-0.72,15.99
2023-08-09,4.0,4.79,-0.79,15.96
2023-08-10,4.09,4.82,-0.73,15.85
2023-08-11,4.16,4.89,-0.73,14.84
2023-08-14,4.19,4.96,-0.77,14.82
2023-08-15,4.21,4.92,-0.71,16.46
2023-08-16,4.28,4.97,-0.69,16.78
2023-08-17,4.3,4.94,-0.64,17.89
2023-08-18,4.26,4.92,-0.66,17.3
2023-08-21,4.34,4.97,-0.63,17.13
2023-08-22,4.34,5.02,-0.68,16.97
2023-08-23,4.19,4.95,-0.76,15.98
2023-08-24,4.23,4.98,-0.75,17.2
2023-08-25,4.25,5.03,-0.78,15.68
2023-08-28,4.2,4.98,-0.78,15.08
2023-08-29,4.12,4.87,-0.75,14.45
2023-08-30,4.12,4.9,-0.78,13.88
2023-08-31,4.09,4.85,-0.76,13.57
2023-09-01,4.18,4.87,-0.69,13.09
2023-09-04,4.18,4.87,-0.69,13.82
2023-09-05,4.27,4.94,-0.67,14.01
2023-09-06,4.3,5.01,-0.71,14.45
2023-09-07,4.27,4.94,-0.67,14.4
2023-09-08,4.26,4.98,-0.72,13.84
2023-09-11,4.29,4.97,-0.68,13.8
2023-09-12,4.27,4.98,-0.71,14.23
2023-09-13,4.25,4.96,-0.71,13.48
2023-09-14,4.29,5.0,-0.71,12.82
2023-09-15,4.33,5.02,-0.69,13.79
2023-09-18,4.32,5.05,-0.73,14.0
2023-09-19,4.37,5.08,-0.71,14.11
2023-09-20,4.35,5.12,-0.77,15.14
2023-09-21,4.49,5.12,-0.63,17.54
2023-09-22,4.44,5.1,-0.66,17.2
2023-09-25,4.55,5.09,-0.54,16.9
2023-09-26,4.56,5.04,-0.48,18.94
2023-09-27,4.61,5.1,-0.49,18.22
2023-09-28,4.59,5.04,-0.45,17.34
2023-09-29,4.59,5.03,-0.44,17.52
2023-10-02,4.69,5.12,-0.43,17.61
2023-10-03,4.81,5.15,-0.34,19.78
2023-10-04,4.73,5.05,-0.32,18.58
2023-10-05,4.72,5.03,-0.31,18.49
2023-10-06,4.78,5.08,-0.3,17.45
2023-10-09,4.78,5.08,-0.3,17.7
2023-10-10,4.66,4.96,-0.3,17.03
2023-10-11,4.58,4.99,-0.41,16.09
2023-10-12,4.7,5.06,-0.36,16.69
2023-10-13,4.63,5.04,-0.41,19.32
2023-10-16,4.71,5.09,-0.38,17.21
2023-10-17,4.83,5.19,-0.36,17.88
2023-10-18,4.91,5.19,-0.28,19.22
2023-10-19,4.98,5.14,-0.16,21.4
2023-10-20,4.93,5.07,-0.14,21.71
2023-10-23,4.86,5.05,-0.19,20.37
2023-10-24,4.83,5.02,-0.19,18.97
2023-10-25,4.95,5.08,-0.13,20.19
2023-10-26,4.86,5.02,-0.16,20.68
2023-10-27,4.84,4.99,-0.15,21.27
2023-10-30,4.88,5.03,-0.15,19.75
2023-10-31,4.88,5.07,-0.19,18.14
2023-11-01,4.77,4.95,-0.18,16.87
2023-11-02,4.67,4.98,-0.31,15.66
2023-11-03,4.57,4.83,-0.26,14.91
2023-11-06,4.67,4.93,-0.26,14.89
2023-11-07,4.58,4.91,-0.33,14.81
2023-11-08,4.49,4.93,-0.44,14.45
2023-11-09,4.62,5.03,-0.41,15.29
2023-11-10,4.61,5.04,-0.43,14.17
2023-11-13,4.63,5.02,-0.39,14.76
2023-11-14,4.44,4.8,-0.36,14.16
2023-11-15,4.53,4.9,-0.37,14.18
2023-11-16,4.45,4.83,-0.38,14.32
2023-11-17,4.44,4.88,-0.44,13.8
2023-11-20,4.42,4.89,-0.47,13.41
2023-11-21,4.41,4.86,-0.45,13.35
2023-11-22,4.42,4.89,-0.47,12.85
2023-11-23,4.42,4.89,-0.47,12.8
2023-11-24,4.47,4.92,-0.45,12.46
2023-11-27,4.39,4.84,-0.45,12.69
2023-11-28,4.34,4.73,-0.39,12.69
2023-11-29,4.27,4.64,-0.37,12.98
2023-11-30,4.37,4.73,-0.36,12.92
2023-12-01,4.22,4.56,-0.34,12.63
2023-12-04,4.28,4.64,-0.36,13.08
2023-12-05,4.18,4.57,-0.39,12.85
2023-12-06,4.12,4.6,-0.48,12.97
2023-12-07,4.14,4.58,-0.44,13.06
2023-12-08,4.23,4.71,-0.48,12.35
2023-12-11,4.23,4.71,-0.48,12.63
2023-12-12,4.2,4.73,-0.53,12.07
2023-12-13,4.04,4.46,-0.42,12.19
2023-12-14,3.92,4.37,-0.45,12.48
2023-12-15,3.91,4.44,-0.53,12.28
2023-12-18,3.95,4.43,-0.48,12.56
2023-12-19,3.93,4.41,-0.48,12.53
2023-12-20,3.86,4.34,-0.48,13.67
2023-12-21,3.89,4.33,-0.44,13.65
2023-12-22,3.9,4.31,-0.41,13.03
2023-12-26,3.89,4.26,-0.37,12.99
2023-12-27,3.79,4.2,-0.41,12.43
2023-12-28,3.84,4.26,-0.42,12.47
2023-12-29,3.88,4.23,-0.35,12.45
2024-01-02,3.95,4.33,-0.38,13.2
2024-01-03,3.91,4.33,-0.42,14.04
2024-01-04,3.99,4.38,-0.39,14.13
2024-01-05,4.05,4.4,-0.35,13.35
2024-01-08,4.01,4.36,-0.35,13.08
2024-01-09,4.02,4.36,-0.34,12.76
2024-01-10,4.04,4.37,-0.33,12.69
2024-01-11,3.98,4.26,-0.28,12.44
2024-01-12,3.96,4.14,-0.18,12.7
2024-01-15,3.96,4.14,-0.18,13.25
2024-01-16,4.07,4.22,-0.15,13.84
2024-01-17,4.1,4.34,-0.24,14.79
2024-01-18,4.14,4.34,-0.2,14.13
2024-01-19,4.15,4.39,-0.24,13.3
2024-01-22,4.11,4.37,-0.26,13.19
2024-01-23,4.14,4.31,-0.17,12.55
2024-01-24,4.18,4.34,-0.16,13.14
2024-01-25,4.14,4.28,-0.14,13.45
2024-01-26,4.15,4.34,-0.19,13.26
2024-01-29,4.08,4.29,-0.21,13.6
2024-01-30,4.06,4.36,-0.3,13.31
2024-01-31,3.99,4.27,-0.28,14.35
2024-02-01,3.87,4.2,-0.33,13.88
2024-02-02,4.03,4.36,-0.33,13.85
2024-02-05,4.17,4.46,-0.29,13.67
2024-02-06,4.09,4.39,-0.3,13.06
2024-02-07,4.09,4.41,-0.32,12.83
2024-02-08,4.15,4.46,-0.31,12.79
2024-02-09,4.17,4.48,-0.31,12.93
2024-02-12,4.17,4.46,-0.29,13.93
2024-02-13,4.31,4.64,-0.33,15.85
2024-02-14,4.27,4.56,-0.29,14.38
2024-02-15,4.24,4.56,-0.32,14.01
2024-02-16,4.3,4.64,-0.34,14.24
2024-02-19,4.3,4.64,-0.34,14.71
2024-02-20,4.27,4.59,-0.32,15.42
2024-02-21,4.32,4.64,-0.32,15.34
2024-02-22,4.33,4.69,-0.36,14.54
2024-02-23,4.26,4.67,-0.41,13.75
2024-02-26,4.28,4.69,-0.41,13.74
2024-02-27,4.31,4.7,-0.39,13.43
2024-02-28,4.27,4.64,-0.37,13.84
2024-02-29,4.25,4.64,-0.39,13.4
2024-03-01,4.19,4.54,-0.35,13.11
2024-03-04,4.22,4.61,-0.39,13.49
2024-03-05,4.13,4.54,-0.41,14.46
2024-03-06,4.11,4.55,-0.44,14.5
2024-03-07,4.09,4.5,-0.41,14.44
2024-03-08,4.09,4.48,-0.39,14.74
2024-03-11,4.1,4.51,-0.41,15.22
2024-03-12,4.16,4.58,-0.42,13.84
2024-03-13,4.19,4.61,-0.42,13.75
2024-03-14,4.29,4.68,-0.39,14.4
2024-03-15,4.31,4.72,-0.41,14.41
2024-03-18,4.34,4.73,-0.39,14.33
2024-03-19,4.3,4.68,-0.38,13.82
2024-03-20,4.27,4.59,-0.32,13.04
2024-03-21,4.27,4.62,-0.35,12.92
2024-03-22,4.22,4.59,-0.37,13.06
2024-03-25,4.25,4.54,-0.29,13.19
2024-03-26,4.24,4.56,-0.32,13.24
2024-03-27,4.2,4.54,-0.34,12.78
2024-03-28,4.2,4.59,-0.39,13.01
2024-04-01,4.33,4.72,-0.39,13.65
2024-04-02,4.36,4.7,-0.34,14.61
2024-04-03,4.36,4.68,-0.32,14.33
2024-04-04,4.31,4.65,-0.34,16.35
2024-04-05,4.39,4.73,-0.34,16.03
2024-04-08,4.42,4.78,-0.36,15.19
2024-04-09,4.36,4.74,-0.38,14.98
2024-04-10,4.55,4.97,-0.42,15.8
2024-04-11,4.56,4.93,-0.37,14.91
2024-04-12,4.5,4.88,-0.38,17.31
2024-04-15,4.63,4.93,-0.3,19.23
2024-04-16,4.67,4.97,-0.3,18.4
2024-04-17,4.59,4.93,-0.34,18.21
2024-04-18,4.64,4.98,-0.34,18.0
2024-04-19,4.62,4.97,-0.35,18.71
2024-04-22,4.62,4.97,-0.35,16.94
2024-04-23,4.61,4.86,-0.25,15.69
2024-04-24,4.65,4.89,-0.24,15.97
2024-04-25,4.7,4.96,-0.26,15.37
2024-04-26,4.67,4.96,-0.29,15.03
2024-04-29,4.63,4.97,-0.34,14.67
2024-04-30,4.69,5.04,-0.35,15.65
2024-05-01,4.63,4.96,-0.33,15.39
2024-05-02,4.58,4.87,-0.29,14.68
2024-05-03,4.5,4.81,-0.31,13.49
2024-05-06,4.49,4.82,-0.33,13.49
2024-05-07,4.47,4.82,-0.35,13.23
2024-05-08,4.48,4.84,-0.36,13.0
2024-05-09,4.45,4.8,-0.35,12.69
2024-05-10,4.5,4.87,-0.37,12.55
2024-05-13,4.48,4.85,-0.37,13.6
2024-05-14,4.45,4.81,-0.36,13.42
2024-05-15,4.36,4.73,-0.37,12.45
2024-05-16,4.38,4.78,-0.4,12.42
2024-05-17,4.42,4.83,-0.41,11.99
2024-05-20,4.44,4.82,-0.38,12.15
2024-05-21,4.41,4.82,-0.41,11.86
2024-05-22,4.43,4.86,-0.43,12.29
2024-05-23,4.47,4.91,-0.44,12.77
2024-05-24,4.46,4.93,-0.47,11.93
2024-05-27,4.46,4.93,-0.47,12.36
2024-05-28,4.54,4.94,-0.4,12.92
2024-05-29,4.61,4.96,-0.35,14.28
2024-05-30,4.55,4.92,-0.37,14.47
2024-05-31,4.51,4.89,-0.38,12.92
2024-06-03,4.41,4.82,-0.41,13.11
2024-06-04,4.33,4.77,-0.44,13.16
2024-06-05,4.29,4.72,-0.43,12.63
2024-06-06,4.28,4.72,-0.44,12.58
2024-06-07,4.43,4.87,-0.44,12.22
2024-06-10,4.47,4.87,-0.4,12.74
2024-06-11,4.39,4.81,-0.42,12.85
2024-06-12,4.31,4.75,-0.44,12.04
2024-06-13,4.24,4.68,-0.44,11.94
2024-06-14,4.2,4.67,-0.47,12.66
2024-06-17,4.28,4.75,-0.47,12.75
2024-06-18,4.22,4.69,-0.47,12.3
2024-06-19,4.22,4.69,-0.47,12.48
2024-06-20,4.25,4.7,-0.45,13.28
2024-06-21,4.25,4.7,-0.45,13.2
2024-06-24,4.25,4.71,-0.46,13.33
2024-06-25,4.23,4.65,-0.42,12.84
2024-06-26,4.32,4.71,-0.39,12.55
2024-06-27,4.29,4.7,-0.41,12.24
2024-06-28,4.36,4.71,-0.35,12.44
2024-07-01,4.48,4.77,-0.29,12.22
2024-07-02,4.43,4.74,-0.31,12.03
2024-07-03,4.36,4.71,-0.35,12.09
2024-07-04,4.36,4.71,-0.35,12.26
2024-07-05,4.28,4.6,-0.32,12.48
2024-07-08,4.28,4.62,-0.34,12.37
2024-07-09,4.3,4.62,-0.32,12.51
2024-07-10,4.28,4.62,-0.34,12.85
2024-07-11,4.2,4.5,-0.3,12.92
2024-07-12,4.18,4.45,-0.27,12.46
2024-07-15,4.23,4.44,-0.21,13.12
2024-07-16,4.17,4.43,-0.26,13.19
2024-07-17,4.16,4.42,-0.26,14.48
2024-07-18,4.2,4.46,-0.26,15.93
2024-07-19,4.25,4.49,-0.24,16.52
2024-07-22,4.26,4.5,-0.24,14.91
2024-07-23,4.25,4.4,-0.15,14.72
2024-07-24,4.28,4.37,-0.09,18.04
2024-07-25,4.27,4.41,-0.14,18.46
2024-07-26,4.2,4.36,-0.16,16.39
2024-07-29,4.17,4.36,-0.19,16.6
2024-07-30,4.15,4.35,-0.2,17.69
2024-07-31,4.09,4.29,-0.2,16.36
2024-08-01,3.99,4.16,-0.17,18.59
2024-08-02,3.8,3.88,-0.08,23.39
2024-08-05,3.78,3.89,-0.11,38.57
2024-08-06,3.9,3.99,-0.09,27.71
2024-08-07,3.96,4.0,-0.04,27.85
2024-08-08,3.99,4.04,-0.05,23.79
2024-08-09,3.94,4.05,-0.11,20.37
2024-08-12,3.9,4.01,-0.11,20.71
2024-08-13,3.85,3.93,-0.08,18.12
2024-08-14,3.83,3.94,-0.11,16.19
2024-08-15,3.92,4.08,-0.16,15.23
2024-08-16,3.89,4.06,-0.17,14.8
2024-08-19,3.86,4.06,-0.2,14.65
2024-08-20,3.82,3.99,-0.17,15.88
2024-08-21,3.79,3.92,-0.13,16.27
2024-08-22,3.86,3.99,-0.13,17.55
2024-08-23,3.81,3.9,-0.09,15.86
2024-08-26,3.82,3.91,-0.09,16.15
2024-08-27,3.83,3.83,0.0,15.43
2024-08-28,3.84,3.83,0.01,17.11
2024-08-29,3.87,3.87,0.0,15.65
2024-08-30,3.91,3.91,0.0,15.0
2024-09-02,3.91,3.91,0.0,15.55
2024-09-03,3.84,3.88,-0.04,20.72
2024-09-04,3.77,3.76,0.01,21.32
2024-09-05,3.73,3.75,-0.02,19.9
2024-09-06,3.72,3.66,0.06,22.38
2024-09-09,3.7,3.68,0.02,19.45
2024-09-10,3.65,3.59,0.06,19.08
2024-09-11,3.65,3.62,0.03,17.69
2024-09-12,3.68,3.64,0.04,17.07
2024-09-13,3.66,3.57,0.09,16.56
2024-09-16,3.63,3.56,0.07,17.14
2024-09-17,3.65,3.59,0.06,17.61
2024-09-18,3.7,3.61,0.09,18.23
2024-09-19,3.73,3.59,0.14,16.33
2024-09-20,3.73,3.55,0.18,16.15
2024-09-23,3.75,3.57,0.18,15.89
2024-09-24,3.74,3.49,0.25,15.39
2024-09-25,3.79,3.53,0.26,15.41
2024-09-26,3.79,3.6,0.19,15.37
2024-09-27,3.75,3.55,0.2,16.96
2024-09-30,3.81,3.66,0.15,16.73
2024-10-01,3.74,3.61,0.13,19.26
2024-10-02,3.79,3.63,0.16,18.9
2024-10-03,3.85,3.7,0.15,20.49
2024-10-04,3.98,3.93,0.05,19.21
2024-10-07,4.03,3.99,0.04,22.64
2024-10-08,4.04,3.98,0.06,21.42
2024-10-09,4.06,3.99,0.07,20.86
2024-10-10,4.09,3.98,0.11,20.93
2024-10-11,4.08,3.95,0.13,20.46
2024-10-14,4.08,3.95,0.13,19.7
2024-10-15,4.03,3.95,0.08,20.64
2024-10-16,4.02,3.93,0.09,19.58
2024-10-17,4.09,3.96,0.13,19.11
2024-10-18,4.08,3.95,0.13,18.03
2024-10-21,4.19,4.02,0.17,18.37
2024-10-22,4.2,4.03,0.17,18.2
2024-10-23,4.24,4.07,0.17,19.24
2024-10-24,4.21,4.07,0.14,19.08
2024-10-25,4.25,4.11,0.14,20.33
2024-10-28,4.28,4.12,0.16,19.8
2024-10-29,4.28,4.11,0.17,19.34
2024-10-30,4.29,4.15,0.14,20.35
2024-10-31,4.28,4.16,0.12,23.16
2024-11-01,4.37,4.21,0.16,21.88
2024-11-04,4.31,4.17,0.14,21.98
2024-11-05,4.26,4.19,0.07,20.49
2024-11-06,4.42,4.27,0.15,16.27
2024-11-07,4.31,4.21,0.1,15.2
2024-11-08,4.3,4.26,0.04,14.94
2024-11-11,4.3,4.26,0.04,14.97
2024-11-12,4.43,4.34,0.09,14.71
2024-11-13,4.44,4.27,0.17,14.02
2024-11-14,4.43,4.34,0.09,14.31
2024-11-15,4.43,4.31,0.12,16.14
2024-11-18,4.42,4.29,0.13,15.58
2024-11-19,4.39,4.27,0.12,16.35
2024-11-20,4.41,4.31,0.1,17.16
2024-11-21,4.43,4.34,0.09,16.87
2024-11-22,4.41,4.37,0.04,15.24
2024-11-25,4.27,4.21,0.06,14.6
2024-11-26,4.3,4.21,0.09,14.1
2024-11-27,4.25,4.19,0.06,14.1
2024-11-28,4.25,4.19,0.06,13.9
2024-11-29,4.18,4.13,0.05,13.51
2024-12-02,4.19,4.17,0.02,13.34
2024-12-03,4.23,4.17,0.06,13.3
2024-12-04,4.19,4.13,0.06,13.45
2024-12-05,4.17,4.15,0.02,13.54
2024-12-06,4.15,4.1,0.05,12.77
2024-12-09,4.2,4.13,0.07,14.19
2024-12-10,4.22,4.15,0.07,14.18
2024-12-11,4.26,4.15,0.11,13.58
2024-12-12,4.32,4.18,0.14,13.92
2024-12-13,4.4,4.25,0.15,13.81
2024-12-16,4.39,4.25,0.14,14.69
2024-12-17,4.4,4.25,0.15,15.87
2024-12-18,4.5,4.35,0.15,27.62
2024-12-19,4.57,4.32,0.25,24.09
2024-12-20,4.52,4.3,0.22,18.36
2024-12-23,4.59,4.3,0.29,16.78
2024-12-24,4.59,4.29,0.3,14.27
2024-12-26,4.58,4.3,0.28,14.73
2024-12-27,4.62,4.31,0.31,15.95
2024-12-30,4.55,4.24,0.31,17.4
2024-12-31,4.58,4.25,0.33,17.35
2025-01-02,4.57,4.25,0.32,17.93
2025-01-03,4.6,4.28,0.32,16.13
2025-01-06,4.62,4.28,0.34,16.04
2025-01-07,4.67,4.3,0.37,17.82
2025-01-08,4.67,4.28,0.39,17.7
2025-01-09,4.68,4.27,0.41,18.07
2025-01-10,4.77,4.4,0.37,19.54
2025-01-13,4.79,4.4,0.39,19.19
2025-01-14,4.78,4.37,0.41,18.71
2025-01-15,4.66,4.27,0.39,16.12
2025-01-16,4.61,4.23,0.38,16.6
2025-01-17,4.61,4.27,0.34,15.97
2025-01-20,4.61,4.27,0.34,15.81
2025-01-21,4.57,4.29,0.28,15.06
2025-01-22,4.6,4.29,0.31,15.1
2025-01-23,4.65,4.29,0.36,15.02
2025-01-24,4.63,4.27,0.36,14.85
2025-01-27,4.53,4.17,0.36,17.9
2025-01-28,4.55,4.19,0.36,16.41
2025-01-29,4.55,4.21,0.34,16.56
2025-01-30,4.52,4.18,0.34,15.84
2025-01-31,4.58,4.22,0.36,16.43
2025-02-03,4.54,4.26,0.28,18.62
2025-02-04,4.52,4.21,0.31,17.21
2025-02-05,4.43,4.17,0.26,15.77
2025-02-06,4.45,4.21,0.24,15.5
2025-02-07,4.49,4.29,0.2,16.54
2025-02-10,4.51,4.28,0.23,15.81
2025-02-11,4.54,4.29,0.25,16.02
2025-02-12,4.62,4.36,0.26,15.89
2025-02-13,4.52,4.31,0.21,15.1
2025-02-14,4.47,4.26,0.21,14.77
2025-02-17,4.47,4.26,0.21,15.37
2025-02-18,4.55,4.29,0.26,15.35
2025-02-19,4.53,4.28,0.25,15.27
2025-02-20,4.5,4.28,0.22,15.66
2025-02-21,4.42,4.19,0.23,18.21
2025-02-24,4.4,4.13,0.27,18.98
2025-02-25,4.3,4.07,0.23,19.43
2025-02-26,4.25,4.05,0.2,19.1
2025-02-27,4.29,4.07,0.22,21.13
2025-02-28,4.24,3.99,0.25,19.63
2025-03-03,4.16,3.96,0.2,22.78
2025-03-04,4.22,3.96,0.26,23.51
2025-03-05,4.28,3.99,0.29,21.93
2025-03-06,4.29,3.96,0.33,24.87
2025-03-07,4.32,3.99,0.33,23.37
2025-03-10,4.22,3.89,0.33,27.86
2025-03-11,4.28,3.94,0.34,26.92
2025-03-12,4.32,4.01,0.31,24.23
2025-03-13,4.27,3.94,0.33,24.66
2025-03-14,4.31,4.02,0.29,21.77
2025-03-17,4.31,4.06,0.25,20.51
2025-03-18,4.29,4.04,0.25,21.7
2025-03-19,4.25,3.99,0.26,19.9
2025-03-20,4.24,3.95,0.29,19.8
2025-03-21,4.25,3.94,0.31,19.28
2025-03-24,4.34,4.04,0.3,17.48
2025-03-25,4.31,3.96,0.35,17.15
2025-03-26,4.35,3.98,0.37,18.33
2025-03-27,4.38,3.97,0.41,18.69
2025-03-28,4.27,3.89,0.38,21.65
2025-03-31,4.23,3.89,0.34,22.28
2025-04-01,4.17,3.87,0.3,21.77
2025-04-02,4.2,3.91,0.29,21.51
2025-04-03,4.06,3.71,0.35,30.02
2025-04-04,4.01,3.68,0.33,45.31
2025-04-07,4.15,3.73,0.42,46.98
2025-04-08,4.26,3.71,0.55,52.33
2025-04-09,4.34,3.91,0.43,33.62
2025-04-10,4.4,3.84,0.56,40.72
2025-04-11,4.48,3.96,0.52,37.56
2025-04-14,4.38,3.84,0.54,30.89
2025-04-15,4.35,3.84,0.51,30.12
2025-04-16,4.29,3.77,0.52,32.64
2025-04-17,4.34,3.81,0.53,29.65
2025-04-21,4.42,3.75,0.67,33.82
2025-04-22,4.41,3.76,0.65,30.57
2025-04-23,4.4,3.81,0.59,28.45
2025-04-24,4.32,3.77,0.55,26.47
2025-04-25,4.29,3.74,0.55,24.84
2025-04-28,4.23,3.67,0.56,25.15
2025-04-29,4.19,3.65,0.54,24.17
2025-04-30,4.17,3.6,0.57,24.7
2025-05-01,4.25,3.7,0.55,24.6
2025-05-02,4.33,3.83,0.5,22.68
2025-05-05,4.36,3.83,0.53,23.64
2025-05-06,4.3,3.78,0.52,24.76
2025-05-07,4.26,3.78,0.48,23.55
2025-05-08,4.37,3.9,0.47,22.48
2025-05-09,4.37,3.88,0.49,21.9
2025-05-12,4.45,3.98,0.47,18.39
2025-05-13,4.49,4.02,0.47,18.22
2025-05-14,4.53,4.05,0.48,18.62
2025-05-15,4.45,3.96,0.49,17.83
2025-05-16,4.43,3.98,0.45,17.24
2025-05-19,4.46,3.97,0.49,18.14
2025-05-20,4.48,3.97,0.51,18.09
2025-05-21,4.58,4.0,0.58,20.87
2025-05-22,4.54,4.0,0.54,20.28
2025-05-23,4.51,4.0,0.51,22.29
2025-05-26,4.51,4.0,0.51,20.57
2025-05-27,4.43,3.92,0.51,18.96
2025-05-28,4.47,3.96,0.51,19.31
2025-05-29,4.43,3.92,0.51,19.18
2025-05-30,4.41,3.89,0.52,18.57
2025-06-02,4.46,3.94,0.52,18.36
2025-06-03,4.46,3.96,0.5,17.69
2025-06-04,4.37,3.87,0.5,17.61
2025-06-05,4.4,3.92,0.48,18.48
2025-06-06,4.51,4.04,0.47,16.77
2025-06-09,4.49,4.01,0.48,17.16
2025-06-10,4.47,4.01,0.46,16.95
2025-06-11,4.41,3.94,0.47,17.26
2025-06-12,4.36,3.9,0.46,18.02
2025-06-13,4.41,3.96,0.45,20.82
2025-06-16,4.46,3.97,0.49,19.11
2025-06-17,4.39,3.94,0.45,21.6
2025-06-18,4.38,3.94,0.44,20.14
2025-06-19,4.38,3.94,0.44,22.17
2025-06-20,4.38,3.9,0.48,20.62
2025-06-23,4.34,3.84,0.5,19.83
2025-06-24,4.3,3.75,0.55,17.48
2025-06-25,4.29,3.74,0.55,16.76
2025-06-26,4.26,3.7,0.56,16.59
2025-06-27,4.29,3.73,0.56,16.32
2025-06-30,4.24,3.72,0.52,16.73
2025-07-01,4.26,3.78,0.48,16.83
2025-07-02,4.3,3.78,0.52,16.64
2025-07-03,4.35,3.88,0.47,16.38
2025-07-04,4.35,3.88,0.47,17.48
2025-07-07,4.4,3.9,0.5,17.79
2025-07-08,4.42,3.9,0.52,16.81
2025-07-09,4.34,3.86,0.48,15.94
2025-07-10,4.35,3.86,0.49,15.78
2025-07-11,4.43,3.9,0.53,16.4
2025-07-14,4.43,3.9,0.53,17.2
2025-07-15,4.5,3.95,0.55,17.38
2025-07-16,4.46,3.88,0.58,17.16
2025-07-17,4.47,3.91,0.56,16.52
2025-07-18,4.44,3.88,0.56,16.41
2025-07-21,4.38,3.85,0.53,16.65
2025-07-22,4.35,3.83,0.52,16.5
2025-07-23,4.4,3.88,0.52,15.37
2025-07-24,4.43,3.91,0.52,15.39
2025-07-25,4.4,3.91,0.49,14.93
2025-07-28,4.42,3.91,0.51,15.03
2025-07-29,4.34,3.86,0.48,15.98
2025-07-30,4.38,3.94,0.44,15.48
2025-07-31,4.37,3.94,0.43,16.72
2025-08-01,4.23,3.69,0.54,20.38
2025-08-04,4.22,3.69,0.53,17.52
2025-08-05,4.22,3.72,0.5,17.85
2025-08-06,4.22,3.69,0.53,16.77
2025-08-07,4.23,3.72,0.51,16.57
2025-08-08,4.27,3.76,0.51,15.15
2025-08-11,4.27,3.76,0.51,16.25
2025-08-12,4.29,3.72,0.57,14.73
2025-08-13,4.24,3.67,0.57,14.49
2025-08-14,4.29,3.74,0.55,14.83
2025-08-15,4.33,3.75,0.58,15.09
2025-08-18,4.34,3.77,0.57,14.99
2025-08-19,4.3,3.75,0.55,15.57
2025-08-20,4.29,3.74,0.55,15.69
2025-08-21,4.33,3.79,0.54,16.6
2025-08-22,4.26,3.68,0.58,14.22
2025-08-25,4.28,3.73,0.55,14.79
2025-08-26,4.26,3.61,0.65,14.62
2025-08-27,4.24,3.59,0.65,14.85
2025-08-28,4.22,3.62,0.6,14.43
2025-08-29,4.23,3.59,0.64,15.36
2025-09-01,4.23,3.59,0.64,16.12
2025-09-02,4.28,3.66,0.62,17.17
2025-09-03,4.22,3.61,0.61,16.35
2025-09-04,4.17,3.59,0.58,15.3
2025-09-05,4.1,3.51,0.59,15.18
2025-09-08,4.05,3.49,0.56,15.11
2025-09-09,4.08,3.54,0.54,15.04
2025-09-10,4.04,3.54,0.5,15.35
2025-09-11,4.01,3.52,0.49,14.71
2025-09-12,4.06,3.56,0.5,14.76
2025-09-15,4.05,3.54,0.51,15.69
2025-09-16,4.04,3.51,0.53,16.36
2025-09-17,4.06,3.52,0.54,15.72
2025-09-18,4.11,3.57,0.54,15.7
2025-09-19,4.14,3.57,0.57,15.45
2025-09-22,4.15,3.61,0.54,16.1
2025-09-23,4.12,3.53,0.59,16.64
2025-09-24,4.16,3.57,0.59,16.18
2025-09-25,4.18,3.64,0.54,16.74
2025-09-26,4.2,3.63,0.57,15.29
2025-09-29,4.15,3.63,0.52,16.12
2025-09-30,4.16,3.6,0.56,16.28
2025-10-01,4.12,3.55,0.57,16.29
2025-10-02,4.1,3.55,0.55,16.63
2025-10-03,4.13,3.58,0.55,16.65
2025-10-06,4.18,3.6,0.58,16.37
2025-10-07,4.14,3.57,0.57,17.24
2025-10-08,4.13,3.58,0.55,16.3
2025-10-09,4.14,3.6,0.54,16.43
2025-10-10,4.05,3.52,0.53,21.66
2025-10-13,4.05,3.52,0.53,19.03
2025-10-14,4.03,3.48,0.55,20.81
2025-10-15,4.05,3.5,0.55,20.64
2025-10-16,3.99,3.41,0.58,25.31
2025-10-17,4.02,3.46,0.56,20.78
2025-10-20,4.0,3.46,0.54,18.23
2025-10-21,3.98,3.45,0.53,17.87
2025-10-22,3.97,3.45,0.52,18.6
2025-10-23,4.01,3.48,0.53,17.3
2025-10-24,4.02,3.48,0.54,16.37
2025-10-27,4.01,3.48,0.53,15.79
2025-10-28,3.99,3.47,0.52,16.42
2025-10-29,4.08,3.59,0.49,16.92
2025-10-30,4.11,3.61,0.5,16.91
2025-10-31,4.11,3.6,0.51,17.44
2025-11-03,4.13,3.6,0.53,17.17
2025-11-04,4.1,3.58,0.52,19.0
2025-11-05,4.17,3.63,0.54,18.01
2025-11-06,4.11,3.57,0.54,19.5
2025-11-07,4.11,3.55,0.56,19.08
2025-11-10,4.13,3.58,0.55,17.6
2025-11-11,4.13,3.58,0.55,17.28
2025-11-12,4.08,3.56,0.52,17.51
2025-11-13,4.11,3.58,0.53,20.0
2025-11-14,4.14,3.62,0.52,19.83
2025-11-17,4.13,3.6,0.53,22.38
2025-11-18,4.12,3.58,0.54,24.69
2025-11-19,4.13,3.58,0.55,23.66
2025-11-20,4.1,3.55,0.55,26.42
2025-11-21,4.06,3.51,0.55,23.43
2025-11-24,4.04,3.46,0.58,20.52
2025-11-25,4.01,3.43,0.58,18.56
2025-11-26,4.0,3.45,0.55,17.19
2025-11-27,4.0,3.45,0.55,17.21
2025-11-28,4.02,3.47,0.55,16.35
2025-12-01,4.09,3.54,0.55,17.24
2025-12-02,4.09,3.51,0.58,16.59
2025-12-03,4.06,3.49,0.57,16.08
2025-12-04,4.11,3.52,0.59,15.78
2025-12-05,4.14,3.56,0.58,15.41
2025-12-08,4.17,3.57,0.6,16.66
2025-12-09,4.18,3.61,0.57,16.93
2025-12-10,4.13,3.54,0.59,15.77
2025-12-11,4.14,3.52,0.62,14.85
2025-12-12,4.19,3.52,0.67,15.74
2025-12-15,4.18,3.51,0.67,16.5
2025-12-16,4.15,3.48,0.67,16.48
2025-12-17,4.16,3.49,0.67,17.62
2025-12-18,4.12,3.46,0.66,16.87
2025-12-19,4.16,3.48,0.68,14.91
2025-12-22,4.17,3.44,0.73,14.08
2025-12-23,4.18,3.48,0.7,14.0
2025-12-24,4.15,3.47,0.68,13.47
2025-12-26,4.14,3.46,0.68,13.6
2025-12-29,4.12,3.45,0.67,14.2
2025-12-30,4.14,3.45,0.69,14.33
2025-12-31,4.18,3.47,0.71,14.95
2026-01-02,4.19,3.47,0.72,14.51
2026-01-05,4.17,3.46,0.71,14.9
2026-01-06,4.18,3.47,0.71,14.75
2026-01-07,4.15,3.47,0.68,15.38
2026-01-08,4.19,3.49,0.7,15.45
2026-01-09,4.18,3.54,0.64,14.49
2026-01-12,4.19,3.54,0.65,15.12
2026-01-13,4.18,3.53,0.65,15.98
2026-01-14,4.15,3.51,0.64,16.75
2026-01-15,4.17,3.56,0.61,15.84
2026-01-16,4.24,3.59,0.65,15.86
2026-01-19,4.24,3.59,0.65,18.84
2026-01-20,4.3,3.6,0.7,20.09
2026-01-21,4.26,3.6,0.66,16.9
2026-01-22,4.26,3.61,0.65,15.64
2026-01-23,4.24,3.6,0.64,16.09
2026-01-26,4.22,3.56,0.66,16.15
2026-01-27,4.24,3.53,0.71,16.35
2026-01-28,4.26,3.56,0.7,16.35
2026-01-29,4.24,3.53,0.71,16.88
2026-01-30,4.26,3.52,0.74,17.44
2026-02-02,4.29,3.57,0.72,16.34
2026-02-03,4.28,3.57,0.71,18.0
2026-02-04,4.29,3.57,0.72,18.64
2026-02-05,4.21,3.47,0.74,21.77
2026-02-06,4.22,3.5,0.72,17.76
2026-02-09,4.22,3.48,0.74,17.36
2026-02-10,4.16,3.45,0.71,17.79
2026-02-11,4.18,3.52,0.66,17.65
2026-02-12,4.09,3.47,0.62,20.82
2026-02-13,4.04,3.4,0.64,20.6
2026-02-16,4.04,3.4,0.64,21.2
2026-02-17,4.05,3.43,0.62,20.29
2026-02-18,4.09,3.47,0.62,19.62
2026-02-19,4.08,3.47,0.61,20.23
2026-02-20,4.08,3.48,0.6,19.09
2026-02-23,4.03,3.43,0.6,21.01
2026-02-24,4.04,3.43,0.61,19.55
2026-02-25,4.05,3.45,0.6,17.93
2026-02-26,4.02,3.42,0.6,18.63
2026-02-27,3.97,3.38,0.59,19.86
2026-03-02,4.05,3.47,0.58,21.44
2026-03-03,4.06,3.51,0.55,23.57
2026-03-04,4.09,3.54,0.55,21.15
2026-03-05,4.13,3.57,0.56,23.75
2026-03-06,4.15,3.56,0.59,29.49
2026-03-09,4.12,3.56,0.56,25.5
2026-03-10,4.15,3.57,0.58,24.93
2026-03-11,4.21,3.64,0.57,24.23
2026-03-12,4.27,3.76,0.51,27.29
2026-03-13,4.28,3.73,0.55,27.19
2026-03-16,4.23,3.68,0.55,23.51
2026-03-17,4.2,3.68,0.52,22.37
2026-03-18,4.26,3.76,0.5,25.09
2026-03-19,4.25,3.79,0.46,24.06
2026-03-20,4.39,3.88,0.51,26.78
2026-03-23,4.34,3.83,0.51,26.15
2026-03-24,4.39,3.9,0.49,26.95
2026-03-25,4.33,3.84,0.49,25.33
2026-03-26,4.42,3.96,0.46,27.44
2026-03-27,4.44,3.88,0.56,31.05
2026-03-30,4.35,3.82,0.53,30.61
2026-03-31,4.3,3.79,0.51,25.25
2026-04-01,4.33,3.81,0.52,24.54
2026-04-02,4.31,3.79,0.52,23.87
2026-04-03,4.35,3.84,0.51,23.87
2026-04-06,4.34,3.84,0.5,24.17
2026-04-07,4.33,3.81,0.52,25.78
2026-04-08,4.29,3.79,0.5,21.04
2026-04-09,4.29,3.78,0.51,19.49
2026-04-10,4.31,3.81,0.5,19.23
2026-04-13,4.3,3.78,0.52,19.12
2026-04-14,4.26,3.76,0.5,18.36
2026-04-15,4.29,3.76,0.53,18.17
2026-04-16,4.32,3.78,0.54,17.94
2026-04-17,4.26,3.71,0.55,17.48
2026-04-20,4.26,3.72,0.54,18.87
2026-04-21,4.3,3.78,0.52,19.5
2026-04-22,4.3,3.79,0.51,18.92
2026-04-23,4.34,3.83,0.51,19.31
2026-04-24,4.31,3.78,0.53,18.71
2026-04-27,4.35,3.78,0.57,18.02
2026-04-28,4.36,3.84,0.52,17.83
2026-04-29,4.42,3.92,0.5,18.81
2026-04-30,4.4,3.88,0.52,16.89
2026-05-01,4.39,3.88,0.51,16.99
2026-05-04,4.45,3.95,0.5,18.29
2026-05-05,4.43,3.93,0.5,17.38
2026-05-06,4.36,3.87,0.49,17.39
2026-05-07,4.41,3.92,0.49,17.08
2026-05-08,4.41,3.92,0.48,17.08
